Object Name,TimeStamp,Latitude,LongitudeTHORAD AGENA D DEB,Tue Aug 09 2067 11:01:27 GMT-0600 (Mountain Daylight Time),20.382671219288707,10.568552538393588
THORAD AGENA D DEB,Tue Aug 09 2067 11:06:27 GMT-0600 (Mountain Daylight Time),37.08260005425208,5.444939734044164
THORAD AGENA D DEB,Tue Aug 09 2067 11:11:27 GMT-0600 (Mountain Daylight Time),53.5634820420295,-1.9184889734350785
THORAD AGENA D DEB,Tue Aug 09 2067 11:16:27 GMT-0600 (Mountain Daylight Time),69.30408429852112,-17.05596830376973
THORAD AGENA D DEB,Tue Aug 09 2067 11:21:27 GMT-0600 (Mountain Daylight Time),79.98931050703038,-73.30477187678001
THORAD AGENA D DEB,Tue Aug 09 2067 11:26:27 GMT-0600 (Mountain Daylight Time),71.50321568055477,-140.4001643850355
THORAD AGENA D DEB,Tue Aug 09 2067 11:31:27 GMT-0600 (Mountain Daylight Time),56.013899089056515,-158.15197717760404
THORAD AGENA D DEB,Tue Aug 09 2067 11:36:27 GMT-0600 (Mountain Daylight Time),39.589399607785154,-166.128332461756
THORAD AGENA D DEB,Tue Aug 09 2067 11:41:27 GMT-0600 (Mountain Daylight Time),22.906353909485073,-171.45973773713973
THORAD AGENA D DEB,Tue Aug 09 2067 11:46:27 GMT-0600 (Mountain Daylight Time),6.140687271214066,-175.87241372711333
THORAD AGENA D DEB,Tue Aug 09 2067 11:51:27 GMT-0600 (Mountain Daylight Time),-10.612342590073345,179.91892196945432
THORAD AGENA D DEB,Tue Aug 09 2067 11:56:27 GMT-0600 (Mountain Daylight Time),-27.27273517652242,175.3707784269979
THORAD AGENA D DEB,Tue Aug 09 2067 12:01:27 GMT-0600 (Mountain Daylight Time),-43.74625651704986,169.65279933398543
THORAD AGENA D DEB,Tue Aug 09 2067 12:06:27 GMT-0600 (Mountain Daylight Time),-59.82942888369851,160.52296061363487
THORAD AGENA D DEB,Tue Aug 09 2067 12:11:27 GMT-0600 (Mountain Daylight Time),-74.52819162078814,137.56776427748042
THORAD AGENA D DEB,Tue Aug 09 2067 12:16:27 GMT-0600 (Mountain Daylight Time),-79.00119742416265,59.79917702380004
THORAD AGENA D DEB,Tue Aug 09 2067 12:21:27 GMT-0600 (Mountain Daylight Time),-66.46539039550125,17.998661066148486
THORAD AGENA D DEB,Tue Aug 09 2067 12:26:27 GMT-0600 (Mountain Daylight Time),-50.73185663891772,5.413030204933307
THORAD AGENA D DEB,Tue Aug 09 2067 12:31:27 GMT-0600 (Mountain Daylight Time),-34.388728303156995,-1.3195638647964276
THORAD AGENA D DEB,Tue Aug 09 2067 12:36:27 GMT-0600 (Mountain Daylight Time),-17.797814078738533,-6.229260706082624
THORAD AGENA D DEB,Tue Aug 09 2067 12:41:27 GMT-0600 (Mountain Daylight Time),-1.078331308347781,-10.511907605477148
THORAD AGENA D DEB,Tue Aug 09 2067 12:46:27 GMT-0600 (Mountain Daylight Time),15.688521774144027,-14.768812196612865
THORAD AGENA D DEB,Tue Aug 09 2067 12:51:27 GMT-0600 (Mountain Daylight Time),32.41808627753814,-19.58320028868845
THORAD AGENA D DEB,Tue Aug 09 2067 12:56:27 GMT-0600 (Mountain Daylight Time),48.985262714939125,-26.06157784201293
THORAD AGENA D DEB,Tue Aug 09 2067 13:01:27 GMT-0600 (Mountain Daylight Time),65.04973236815759,-37.801909716799805
THORAD AGENA D DEB,Tue Aug 09 2067 13:06:27 GMT-0600 (Mountain Daylight Time),78.39709302869427,-75.44139209703478
THORAD AGENA D DEB,Tue Aug 09 2067 13:11:27 GMT-0600 (Mountain Daylight Time),75.2727845130017,-156.44398000342542
THORAD AGENA D DEB,Tue Aug 09 2067 13:16:27 GMT-0600 (Mountain Daylight Time),60.5097213777855,178.58033142155907
THORAD AGENA D DEB,Tue Aug 09 2067 13:21:27 GMT-0600 (Mountain Daylight Time),44.228089967957246,169.11078608905052
THORAD AGENA D DEB,Tue Aug 09 2067 13:26:27 GMT-0600 (Mountain Daylight Time),27.592786864348692,163.29912910968721
THORAD AGENA D DEB,Tue Aug 09 2067 13:31:27 GMT-0600 (Mountain Daylight Time),10.83952423875978,158.72088856321872
THORAD AGENA D DEB,Tue Aug 09 2067 13:36:27 GMT-0600 (Mountain Daylight Time),-5.924917328228028,154.509217320191
THORAD AGENA D DEB,Tue Aug 09 2067 13:41:27 GMT-0600 (Mountain Daylight Time),-22.619100573062383,150.1175638033485
THORAD AGENA D DEB,Tue Aug 09 2067 13:46:27 GMT-0600 (Mountain Daylight Time),-39.157059986155666,144.85465755003744
THORAD AGENA D DEB,Tue Aug 09 2067 13:51:27 GMT-0600 (Mountain Daylight Time),-55.387199972017505,137.10743465404812
THORAD AGENA D DEB,Tue Aug 09 2067 13:56:27 GMT-0600 (Mountain Daylight Time),-70.72635480620589,120.50899873039438
THORAD AGENA D DEB,Tue Aug 09 2067 14:01:27 GMT-0600 (Mountain Daylight Time),-80.07015216050716,58.829303089460325
THORAD AGENA D DEB,Tue Aug 09 2067 14:06:27 GMT-0600 (Mountain Daylight Time),-70.5877623022848,-2.163035405006168
THORAD AGENA D DEB,Tue Aug 09 2067 14:11:27 GMT-0600 (Mountain Daylight Time),-55.2330927005314,-18.592413831964162
THORAD AGENA D DEB,Tue Aug 09 2067 14:16:27 GMT-0600 (Mountain Daylight Time),-39.00046131517804,-26.29950982274157
THORAD AGENA D DEB,Tue Aug 09 2067 14:21:27 GMT-0600 (Mountain Daylight Time),-22.46291115855798,-31.54859554540344
THORAD AGENA D DEB,Tue Aug 09 2067 14:26:27 GMT-0600 (Mountain Daylight Time),-5.7704479610833275,-35.93544179357024
THORAD AGENA D DEB,Tue Aug 09 2067 14:31:27 GMT-0600 (Mountain Daylight Time),10.99143934562668,-40.14738369710243
THORAD AGENA D DEB,Tue Aug 09 2067 14:36:27 GMT-0600 (Mountain Daylight Time),27.741524841920864,-44.731361904444846
THORAD AGENA D DEB,Tue Aug 09 2067 14:41:27 GMT-0600 (Mountain Daylight Time),44.37285006899562,-50.55989678062863
THORAD AGENA D DEB,Tue Aug 09 2067 14:46:27 GMT-0600 (Mountain Daylight Time),60.64755871126933,-60.08441966393374
THORAD AGENA D DEB,Tue Aug 09 2067 14:51:27 GMT-0600 (Mountain Daylight Time),75.37979071523405,-85.34744146610532
THORAD AGENA D DEB,Tue Aug 09 2067 14:56:27 GMT-0600 (Mountain Daylight Time),78.32130645330574,-166.5755707262759
THORAD AGENA D DEB,Tue Aug 09 2067 15:01:27 GMT-0600 (Mountain Daylight Time),64.91568661789647,156.26146564365035
THORAD AGENA D DEB,Tue Aug 09 2067 15:06:27 GMT-0600 (Mountain Daylight Time),48.84191025256713,144.60336988452207
THORAD AGENA D DEB,Tue Aug 09 2067 15:11:27 GMT-0600 (Mountain Daylight Time),32.270330998459144,138.14783985040322
THORAD AGENA D DEB,Tue Aug 09 2067 15:16:27 GMT-0600 (Mountain Daylight Time),15.537411528211353,133.3413625117973
THORAD AGENA D DEB,Tue Aug 09 2067 15:21:27 GMT-0600 (Mountain Daylight Time),-1.2321835754980057,129.08606778118053
THORAD AGENA D DEB,Tue Aug 09 2067 15:26:27 GMT-0600 (Mountain Daylight Time),-17.953651039842292,124.80019967980364
THORAD AGENA D DEB,Tue Aug 09 2067 15:31:27 GMT-0600 (Mountain Daylight Time),-34.545418702671284,119.88002057259486
THORAD AGENA D DEB,Tue Aug 09 2067 15:36:27 GMT-0600 (Mountain Daylight Time),-50.88719656017815,113.11834664947568
THORAD AGENA D DEB,Tue Aug 09 2067 15:41:27 GMT-0600 (Mountain Daylight Time),-66.6115931474744,100.42598662963316
THORAD AGENA D DEB,Tue Aug 09 2067 15:46:27 GMT-0600 (Mountain Daylight Time),-79.06976566636503,58.0272941899418
THORAD AGENA D DEB,Tue Aug 09 2067 15:51:27 GMT-0600 (Mountain Daylight Time),-74.40392494559455,-19.357149649606782
THORAD AGENA D DEB,Tue Aug 09 2067 15:56:27 GMT-0600 (Mountain Daylight Time),-59.67729919189285,-42.03188747484164
THORAD AGENA D DEB,Tue Aug 09 2067 16:01:27 GMT-0600 (Mountain Daylight Time),-43.5899470399968,-51.10473470595441
THORAD AGENA D DEB,Tue Aug 09 2067 16:06:27 GMT-0600 (Mountain Daylight Time),-27.116291829172322,-56.80443021215154
THORAD AGENA D DEB,Tue Aug 09 2067 16:11:27 GMT-0600 (Mountain Daylight Time),-10.457321868544028,-61.34590806065588
THORAD AGENA D DEB,Tue Aug 09 2067 16:16:27 GMT-0600 (Mountain Daylight Time),6.293359556122805,-65.55353111936533
THORAD AGENA D DEB,Tue Aug 09 2067 16:21:27 GMT-0600 (Mountain Daylight Time),23.056015282002377,-69.97015627152093
THORAD AGENA D DEB,Tue Aug 09 2067 16:26:27 GMT-0600 (Mountain Daylight Time),39.735381506259586,-75.31414924279402
THORAD AGENA D DEB,Tue Aug 09 2067 16:31:27 GMT-0600 (Mountain Daylight Time),56.15433114891843,-83.32870234190074
THORAD AGENA D DEB,Tue Aug 09 2067 16:36:27 GMT-0600 (Mountain Daylight Time),71.62584031573033,-101.25095969918303
THORAD AGENA D DEB,Tue Aug 09 2067 16:41:27 GMT-0600 (Mountain Daylight Time),79.96977924017406,-168.92489185447468
THORAD AGENA D DEB,Tue Aug 09 2067 16:46:27 GMT-0600 (Mountain Daylight Time),69.17611506651329,135.45604648147997
THORAD AGENA D DEB,Tue Aug 09 2067 16:51:27 GMT-0600 (Mountain Daylight Time),53.421830993756515,120.44748489515884
THORAD AGENA D DEB,Tue Aug 09 2067 16:56:27 GMT-0600 (Mountain Daylight Time),36.935901691482904,113.11553415865069
THORAD AGENA D DEB,Tue Aug 09 2067 17:01:27 GMT-0600 (Mountain Daylight Time),20.23241230930053,108.00258116111424
THORAD AGENA D DEB,Tue Aug 09 2067 17:06:27 GMT-0600 (Mountain Daylight Time),3.4641583087040866,103.66059540882092
THORAD AGENA D DEB,Tue Aug 09 2067 17:11:27 GMT-0600 (Mountain Daylight Time),-13.27836347188534,99.43588521378285
THORAD AGENA D DEB,Tue Aug 09 2067 17:16:27 GMT-0600 (Mountain Daylight Time),-29.9152654741954,94.77276757785644
THORAD AGENA D DEB,Tue Aug 09 2067 17:21:27 GMT-0600 (Mountain Daylight Time),-46.345246588673916,88.7313559259922
THORAD AGENA D DEB,Tue Aug 09 2067 17:26:27 GMT-0600 (Mountain Daylight Time),-62.32089193118545,78.55829247650665
THORAD AGENA D DEB,Tue Aug 09 2067 17:31:27 GMT-0600 (Mountain Daylight Time),-76.45027882403824,50.21883306628614
THORAD AGENA D DEB,Tue Aug 09 2067 17:36:27 GMT-0600 (Mountain Daylight Time),-77.63113570439546,-31.47980553746356
THORAD AGENA D DEB,Tue Aug 09 2067 17:41:27 GMT-0600 (Mountain Daylight Time),-64.03844258564554,-64.62440807881259
THORAD AGENA D DEB,Tue Aug 09 2067 17:46:27 GMT-0600 (Mountain Daylight Time),-48.15182727206231,-75.67436769353549
THORAD AGENA D DEB,Tue Aug 09 2067 17:51:27 GMT-0600 (Mountain Daylight Time),-31.755739007239583,-81.97554701704779
THORAD AGENA D DEB,Tue Aug 09 2067 17:56:27 GMT-0600 (Mountain Daylight Time),-15.137240881741961,-86.73151438795844
THORAD AGENA D DEB,Tue Aug 09 2067 18:01:27 GMT-0600 (Mountain Daylight Time),1.5960981640357523,-90.97518201832185
THORAD AGENA D DEB,Tue Aug 09 2067 18:06:27 GMT-0600 (Mountain Daylight Time),18.36414317242712,-95.27697628922044
THORAD AGENA D DEB,Tue Aug 09 2067 18:11:27 GMT-0600 (Mountain Daylight Time),35.079154087800575,-100.25693445674099
THORAD AGENA D DEB,Tue Aug 09 2067 18:16:27 GMT-0600 (Mountain Daylight Time),51.6012563498282,-107.20553061837828
THORAD AGENA D DEB,Tue Aug 09 2067 18:21:27 GMT-0600 (Mountain Daylight Time),67.50010838999458,-120.69494234811992
THORAD AGENA D DEB,Tue Aug 09 2067 18:26:27 GMT-0600 (Mountain Daylight Time),79.53492636324378,-168.33491747696223
THORAD AGENA D DEB,Tue Aug 09 2067 18:31:27 GMT-0600 (Mountain Daylight Time),73.18170914296014,117.19387280005691
THORAD AGENA D DEB,Tue Aug 09 2067 18:36:27 GMT-0600 (Mountain Daylight Time),57.9540139087152,96.79352438887256
THORAD AGENA D DEB,Tue Aug 09 2067 18:41:27 GMT-0600 (Mountain Daylight Time),41.58560459669067,88.24134712218009
THORAD AGENA D DEB,Tue Aug 09 2067 18:46:27 GMT-0600 (Mountain Daylight Time),24.922425601497615,82.72054702401486
THORAD AGENA D DEB,Tue Aug 09 2067 18:51:27 GMT-0600 (Mountain Daylight Time),8.162380625579024,78.24380915871781
THORAD AGENA D DEB,Tue Aug 09 2067 18:56:27 GMT-0600 (Mountain Daylight Time),-8.595060394838303,74.03899032671335
THORAD AGENA D DEB,Tue Aug 09 2067 19:01:27 GMT-0600 (Mountain Daylight Time),-25.269624906811952,69.56521331036002
THORAD AGENA D DEB,Tue Aug 09 2067 19:06:27 GMT-0600 (Mountain Daylight Time),-41.77135074165203,64.05956428493602
THORAD AGENA D DEB,Tue Aug 09 2067 19:11:27 GMT-0600 (Mountain Daylight Time),-57.92250417848867,55.58637873591581
THORAD AGENA D DEB,Tue Aug 09 2067 19:16:27 GMT-0600 (Mountain Daylight Time),-72.94051652889029,35.772310159765816
THORAD AGENA D DEB,Tue Aug 09 2067 19:21:27 GMT-0600 (Mountain Daylight Time),-79.70333778217488,-36.199740646933854
THORAD AGENA D DEB,Tue Aug 09 2067 19:26:27 GMT-0600 (Mountain Daylight Time),-68.2700434539381,-85.88938025268126
THORAD AGENA D DEB,Tue Aug 09 2067 19:31:27 GMT-0600 (Mountain Daylight Time),-52.678328033925624,-99.91987435901405
THORAD AGENA D DEB,Tue Aug 09 2067 19:36:27 GMT-0600 (Mountain Daylight Time),-36.37860446624252,-107.03464299473592
THORAD AGENA D DEB,Tue Aug 09 2067 19:41:27 GMT-0600 (Mountain Daylight Time),-19.8084420666512,-112.07910494006558
THORAD AGENA D DEB,Tue Aug 09 2067 19:46:27 GMT-0600 (Mountain Daylight Time),-3.098593462147339,-116.40111593272381
THORAD AGENA D DEB,Tue Aug 09 2067 19:51:27 GMT-0600 (Mountain Daylight Time),13.668156788378758,-120.63380863840996
THORAD AGENA D DEB,Tue Aug 09 2067 19:56:27 GMT-0600 (Mountain Daylight Time),30.408748148687962,-125.34075590152746
THORAD AGENA D DEB,Tue Aug 09 2067 20:01:27 GMT-0600 (Mountain Daylight Time),47.006756818102794,-131.51610496451337
THORAD AGENA D DEB,Tue Aug 09 2067 20:06:27 GMT-0600 (Mountain Daylight Time),63.172636937918405,-142.19454341702104
THORAD AGENA D DEB,Tue Aug 09 2067 20:11:27 GMT-0600 (Mountain Daylight Time),77.22768525745208,-173.7467689126242
THORAD AGENA D DEB,Tue Aug 09 2067 20:16:27 GMT-0600 (Mountain Daylight Time),76.70198754178578,103.34146690501501
THORAD AGENA D DEB,Tue Aug 09 2067 20:21:27 GMT-0600 (Mountain Daylight Time),62.415907422312536,73.88308242425619
THORAD AGENA D DEB,Tue Aug 09 2067 20:26:27 GMT-0600 (Mountain Daylight Time),46.21426677684226,63.579655220167815
THORAD AGENA D DEB,Tue Aug 09 2067 20:31:27 GMT-0600 (Mountain Daylight Time),29.605082781771458,57.51489649862152
THORAD AGENA D DEB,Tue Aug 09 2067 20:36:27 GMT-0600 (Mountain Daylight Time),12.860704792113689,52.847193341136716
THORAD AGENA D DEB,Tue Aug 09 2067 20:41:27 GMT-0600 (Mountain Daylight Time),-3.905475251139446,48.62204428539526
THORAD AGENA D DEB,Tue Aug 09 2067 20:46:27 GMT-0600 (Mountain Daylight Time),-20.610954604881456,44.28196183577804
THORAD AGENA D DEB,Tue Aug 09 2067 20:51:27 GMT-0600 (Mountain Daylight Time),-37.17217225094413,39.17894278157521
THORAD AGENA D DEB,Tue Aug 09 2067 20:56:27 GMT-0600 (Mountain Daylight Time),-53.45306649936856,31.896320489032703
THORAD AGENA D DEB,Tue Aug 09 2067 21:01:27 GMT-0600 (Mountain Daylight Time),-68.97992496642367,17.205759866107478
THORAD AGENA D DEB,Tue Aug 09 2067 21:06:27 GMT-0600 (Mountain Daylight Time),-79.88568811752776,-35.86139412522688
THORAD AGENA D DEB,Tue Aug 09 2067 21:11:27 GMT-0600 (Mountain Daylight Time),-72.28291305415023,-104.96510443568808
THORAD AGENA D DEB,Tue Aug 09 2067 21:16:27 GMT-0600 (Mountain Daylight Time),-57.15753210383901,-123.7072961692973
THORAD AGENA D DEB,Tue Aug 09 2067 21:21:27 GMT-0600 (Mountain Daylight Time),-40.981554459374884,-131.94538189595522
THORAD AGENA D DEB,Tue Aug 09 2067 21:26:27 GMT-0600 (Mountain Daylight Time),-24.469061513785395,-137.37332207075025
THORAD AGENA D DEB,Tue Aug 09 2067 21:31:27 GMT-0600 (Mountain Daylight Time),-7.789002576973998,-141.8203515743792
THORAD AGENA D DEB,Tue Aug 09 2067 21:36:27 GMT-0600 (Mountain Daylight Time),8.970077281216053,-146.02574369223777
THORAD AGENA D DEB,Tue Aug 09 2067 21:41:27 GMT-0600 (Mountain Daylight Time),25.727691030702903,-150.5309623808524
THORAD AGENA D DEB,Tue Aug 09 2067 21:46:27 GMT-0600 (Mountain Daylight Time),42.382417792501066,-156.13427632325042
THORAD AGENA D DEB,Tue Aug 09 2067 21:51:27 GMT-0600 (Mountain Daylight Time),58.72614917811849,-164.9425536649876
THORAD AGENA D DEB,Tue Aug 09 2067 21:56:27 GMT-0600 (Mountain Daylight Time),73.83006376662502,173.4219399717641
THORAD AGENA D DEB,Tue Aug 09 2067 22:01:27 GMT-0600 (Mountain Daylight Time),79.25081158150273,96.54124665905303
THORAD AGENA D DEB,Tue Aug 09 2067 22:06:27 GMT-0600 (Mountain Daylight Time),66.76824808220584,52.124736776443285
THORAD AGENA D DEB,Tue Aug 09 2067 22:11:27 GMT-0600 (Mountain Daylight Time),50.8146367418596,39.20875755126858
THORAD AGENA D DEB,Tue Aug 09 2067 22:16:27 GMT-0600 (Mountain Daylight Time),34.27761488695721,32.41062747555939
THORAD AGENA D DEB,Tue Aug 09 2067 22:21:27 GMT-0600 (Mountain Daylight Time),17.557272638611888,27.483350673758224
THORAD AGENA D DEB,Tue Aug 09 2067 22:26:27 GMT-0600 (Mountain Daylight Time),0.7886850734695292,23.196492891828257
THORAD AGENA D DEB,Tue Aug 09 2067 22:31:27 GMT-0600 (Mountain Daylight Time),-15.941355608419913,18.942398173306913
THORAD AGENA D DEB,Tue Aug 09 2067 22:36:27 GMT-0600 (Mountain Daylight Time),-32.55240417688627,14.142494216145192
THORAD AGENA D DEB,Tue Aug 09 2067 22:41:27 GMT-0600 (Mountain Daylight Time),-48.93365729138825,7.718490266462252
THORAD AGENA D DEB,Tue Aug 09 2067 22:46:27 GMT-0600 (Mountain Daylight Time),-64.77786243618262,-3.7583617048247078
THORAD AGENA D DEB,Tue Aug 09 2067 22:51:27 GMT-0600 (Mountain Daylight Time),-78.09117162749553,-39.298117872714116
THORAD AGENA D DEB,Tue Aug 09 2067 22:56:27 GMT-0600 (Mountain Daylight Time),-75.89319642275866,-120.28721424250256
THORAD AGENA D DEB,Tue Aug 09 2067 23:01:27 GMT-0600 (Mountain Daylight Time),-61.570151968890144,-146.82476995488616
THORAD AGENA D DEB,Tue Aug 09 2067 23:06:27 GMT-0600 (Mountain Daylight Time),-45.56015408543045,-156.6577639113334
THORAD AGENA D DEB,Tue Aug 09 2067 23:11:27 GMT-0600 (Mountain Daylight Time),-29.117036432990314,-162.59549552570365
THORAD AGENA D DEB,Tue Aug 09 2067 23:16:27 GMT-0600 (Mountain Daylight Time),-12.473431482638764,-167.22156166741317
THORAD AGENA D DEB,Tue Aug 09 2067 23:21:27 GMT-0600 (Mountain Daylight Time),4.271788111076396,-171.4399162690251
THORAD AGENA D DEB,Tue Aug 09 2067 23:26:27 GMT-0600 (Mountain Daylight Time),21.038839288844066,-175.80140666772354
THORAD AGENA D DEB,Tue Aug 09 2067 23:31:27 GMT-0600 (Mountain Daylight Time),37.73597480455667,179.0236265532258
THORAD AGENA D DEB,Tue Aug 09 2067 23:36:27 GMT-0600 (Mountain Daylight Time),54.20414648144972,171.510587193611
THORAD AGENA D DEB,Tue Aug 09 2067 23:41:27 GMT-0600 (Mountain Daylight Time),69.88642832271763,155.75495758349558
THORAD AGENA D DEB,Tue Aug 09 2067 23:46:27 GMT-0600 (Mountain Daylight Time),80.05228232361269,96.60675193976073
THORAD AGENA D DEB,Tue Aug 09 2067 23:51:27 GMT-0600 (Mountain Daylight Time),70.93738198173263,32.24629045859436
THORAD AGENA D DEB,Tue Aug 09 2067 23:56:27 GMT-0600 (Mountain Daylight Time),55.37594409895395,15.245861134683794
THORAD AGENA D DEB,Wed Aug 10 2067 00:01:27 GMT-0600 (Mountain Daylight Time),38.936638449605766,7.4406792243865505
THORAD AGENA D DEB,Wed Aug 10 2067 00:06:27 GMT-0600 (Mountain Daylight Time),22.250085046139258,2.16677185117716
THORAD AGENA D DEB,Wed Aug 10 2067 00:11:27 GMT-0600 (Mountain Daylight Time),5.485710875603169,-2.226664615458848
THORAD AGENA D DEB,Wed Aug 10 2067 00:16:27 GMT-0600 (Mountain Daylight Time),-11.262725180544892,-6.437640529478115
THORAD AGENA D DEB,Wed Aug 10 2067 00:21:27 GMT-0600 (Mountain Daylight Time),-27.915535521409012,-11.011484344937317
THORAD AGENA D DEB,Wed Aug 10 2067 00:26:27 GMT-0600 (Mountain Daylight Time),-44.3771653327956,-16.802626755435767
THORAD AGENA D DEB,Wed Aug 10 2067 00:31:27 GMT-0600 (Mountain Daylight Time),-60.43486835537567,-26.164198532720896
THORAD AGENA D DEB,Wed Aug 10 2067 00:36:27 GMT-0600 (Mountain Daylight Time),-75.01286463089367,-50.277004987746615
THORAD AGENA D DEB,Wed Aug 10 2067 00:41:27 GMT-0600 (Mountain Daylight Time),-78.7116821939209,-129.40517919792504
THORAD AGENA D DEB,Wed Aug 10 2067 00:46:27 GMT-0600 (Mountain Daylight Time),-65.88304000379958,-168.92034982368227
THORAD AGENA D DEB,Wed Aug 10 2067 00:51:27 GMT-0600 (Mountain Daylight Time),-50.10814951172303,178.89942882384562
THORAD AGENA D DEB,Wed Aug 10 2067 00:56:27 GMT-0600 (Mountain Daylight Time),-33.74998279452465,172.2779304010452
THORAD AGENA D DEB,Wed Aug 10 2067 01:01:27 GMT-0600 (Mountain Daylight Time),-17.150149407073904,167.40754527643787
THORAD AGENA D DEB,Wed Aug 10 2067 01:06:27 GMT-0600 (Mountain Daylight Time),-0.42492067160160973,163.135301186811
THORAD AGENA D DEB,Wed Aug 10 2067 01:11:27 GMT-0600 (Mountain Daylight Time),16.34461121286223,158.86832880948666
THORAD AGENA D DEB,Wed Aug 10 2067 01:16:27 GMT-0600 (Mountain Daylight Time),33.072888591460405,154.01534245473226
THORAD AGENA D DEB,Wed Aug 10 2067 01:21:27 GMT-0600 (Mountain Daylight Time),49.63130400846913,147.42829400803825
THORAD AGENA D DEB,Wed Aug 10 2067 01:26:27 GMT-0600 (Mountain Daylight Time),65.65981668069264,135.29515833583076
THORAD AGENA D DEB,Wed Aug 10 2067 01:31:27 GMT-0600 (Mountain Daylight Time),78.72757781586375,95.38043193371587
THORAD AGENA D DEB,Wed Aug 10 2067 01:36:27 GMT-0600 (Mountain Daylight Time),74.77379032070968,15.586937259868922
THORAD AGENA D DEB,Wed Aug 10 2067 01:41:27 GMT-0600 (Mountain Daylight Time),59.88124880348124,-8.125791968575438
THORAD AGENA D DEB,Wed Aug 10 2067 01:46:27 GMT-0600 (Mountain Daylight Time),43.57778493396116,-17.35006536203546
THORAD AGENA D DEB,Wed Aug 10 2067 01:51:27 GMT-0600 (Mountain Daylight Time),26.936937911409505,-23.085154183316046
THORAD AGENA D DEB,Wed Aug 10 2067 01:56:27 GMT-0600 (Mountain Daylight Time),10.183865703787932,-27.636288574354133
THORAD AGENA D DEB,Wed Aug 10 2067 02:01:27 GMT-0600 (Mountain Daylight Time),-6.576840769441002,-31.844685015222502
THORAD AGENA D DEB,Wed Aug 10 2067 02:06:27 GMT-0600 (Mountain Daylight Time),-23.26430426373227,-36.254378540300074
THORAD AGENA D DEB,Wed Aug 10 2067 02:11:27 GMT-0600 (Mountain Daylight Time),-39.79193220266155,-41.57223521166336
THORAD AGENA D DEB,Wed Aug 10 2067 02:16:27 GMT-0600 (Mountain Daylight Time),-56.0026581352968,-49.48192398913428
THORAD AGENA D DEB,Wed Aug 10 2067 02:21:27 GMT-0600 (Mountain Daylight Time),-71.27184814763251,-66.77582957944321
THORAD AGENA D DEB,Wed Aug 10 2067 02:26:27 GMT-0600 (Mountain Daylight Time),-80.04444027917826,-131.1248306921862
THORAD AGENA D DEB,Wed Aug 10 2067 02:31:27 GMT-0600 (Mountain Daylight Time),-70.03519440365166,170.62115862230132
THORAD AGENA D DEB,Wed Aug 10 2067 02:36:27 GMT-0600 (Mountain Daylight Time),-54.616249418800294,154.83150489877386
THORAD AGENA D DEB,Wed Aug 10 2067 02:41:27 GMT-0600 (Mountain Daylight Time),-38.3650009526183,147.277718072752
THORAD AGENA D DEB,Wed Aug 10 2067 02:46:27 GMT-0600 (Mountain Daylight Time),-21.81735285618845,142.0809593204802
THORAD AGENA D DEB,Wed Aug 10 2067 02:51:27 GMT-0600 (Mountain Daylight Time),-5.118322216969171,137.7109581699504
THORAD AGENA D DEB,Wed Aug 10 2067 02:56:27 GMT-0600 (Mountain Daylight Time),11.647151355215327,133.49477159904018
THORAD AGENA D DEB,Wed Aug 10 2067 03:01:27 GMT-0600 (Mountain Daylight Time),28.397225308826687,128.8821815105225
THORAD AGENA D DEB,Wed Aug 10 2067 03:06:27 GMT-0600 (Mountain Daylight Time),45.0226095272919,122.97314700091334
THORAD AGENA D DEB,Wed Aug 10 2067 03:11:27 GMT-0600 (Mountain Daylight Time),61.27392029633413,113.1867821211385
THORAD AGENA D DEB,Wed Aug 10 2067 03:16:27 GMT-0600 (Mountain Daylight Time),75.86186557942047,86.53999595848099
THORAD AGENA D DEB,Wed Aug 10 2067 03:21:27 GMT-0600 (Mountain Daylight Time),77.95698376109743,4.449624985414927
THORAD AGENA D DEB,Wed Aug 10 2067 03:26:27 GMT-0600 (Mountain Daylight Time),64.3021881731892,-30.605409387221737
THORAD AGENA D DEB,Wed Aug 10 2067 03:31:27 GMT-0600 (Mountain Daylight Time),48.19511356645263,-41.89830011784198
THORAD AGENA D DEB,Wed Aug 10 2067 03:36:27 GMT-0600 (Mountain Daylight Time),31.615320580518905,-48.25073844096385
THORAD AGENA D DEB,Wed Aug 10 2067 03:41:27 GMT-0600 (Mountain Daylight Time),14.881341277075514,-53.02050059914062
THORAD AGENA D DEB,Wed Aug 10 2067 03:46:27 GMT-0600 (Mountain Daylight Time),-1.8854138186998937,-57.26675781244289
THORAD AGENA D DEB,Wed Aug 10 2067 03:51:27 GMT-0600 (Mountain Daylight Time),-18.600993764047356,-61.56408514417506
THORAD AGENA D DEB,Wed Aug 10 2067 03:56:27 GMT-0600 (Mountain Daylight Time),-35.18365007296206,-66.52558066214422
THORAD AGENA D DEB,Wed Aug 10 2067 04:01:27 GMT-0600 (Mountain Daylight Time),-51.50986468019407,-73.40449099885362
THORAD AGENA D DEB,Wed Aug 10 2067 04:06:27 GMT-0600 (Mountain Daylight Time),-67.1899007089049,-86.53383425537224
THORAD AGENA D DEB,Wed Aug 10 2067 04:11:27 GMT-0600 (Mountain Daylight Time),-79.32101332447428,-131.3635476784267
THORAD AGENA D DEB,Wed Aug 10 2067 04:16:27 GMT-0600 (Mountain Daylight Time),-73.90572248531291,152.91748546032
THORAD AGENA D DEB,Wed Aug 10 2067 04:21:27 GMT-0600 (Mountain Daylight Time),-59.06989337005521,131.30078170157762
THORAD AGENA D DEB,Wed Aug 10 2067 04:26:27 GMT-0600 (Mountain Daylight Time),-42.95834216501254,122.44539515075682
THORAD AGENA D DEB,Wed Aug 10 2067 04:31:27 GMT-0600 (Mountain Daylight Time),-26.473105239429547,116.81531009517694
THORAD AGENA D DEB,Wed Aug 10 2067 04:36:27 GMT-0600 (Mountain Daylight Time),-9.806708591336228,112.29811399123689
THORAD AGENA D DEB,Wed Aug 10 2067 04:41:27 GMT-0600 (Mountain Daylight Time),6.9484204302933525,108.09184115946286
THORAD AGENA D DEB,Wed Aug 10 2067 04:46:27 GMT-0600 (Mountain Daylight Time),23.712189164962844,103.65472201804185
THORAD AGENA D DEB,Wed Aug 10 2067 04:51:27 GMT-0600 (Mountain Daylight Time),40.38773981281233,98.250360256891
THORAD AGENA D DEB,Wed Aug 10 2067 04:56:27 GMT-0600 (Mountain Daylight Time),56.79089412371383,90.05416588211534
THORAD AGENA D DEB,Wed Aug 10 2067 05:01:27 GMT-0600 (Mountain Daylight Time),72.18312230333903,71.31270390443694
THORAD AGENA D DEB,Wed Aug 10 2067 05:06:27 GMT-0600 (Mountain Daylight Time),79.85384712602074,1.0686884898228886
THORAD AGENA D DEB,Wed Aug 10 2067 05:11:27 GMT-0600 (Mountain Daylight Time),68.58780992667751,-51.67256536231214
THORAD AGENA D DEB,Wed Aug 10 2067 05:16:27 GMT-0600 (Mountain Daylight Time),52.78009319338116,-66.11137758481331
THORAD AGENA D DEB,Wed Aug 10 2067 05:21:27 GMT-0600 (Mountain Daylight Time),36.28223271668153,-73.30195573977049
THORAD AGENA D DEB,Wed Aug 10 2067 05:26:27 GMT-0600 (Mountain Daylight Time),19.576224446381648,-78.3659947641056
THORAD AGENA D DEB,Wed Aug 10 2067 05:31:27 GMT-0600 (Mountain Daylight Time),2.8098539975613126,-82.6926807658964
THORAD AGENA D DEB,Wed Aug 10 2067 05:36:27 GMT-0600 (Mountain Daylight Time),-13.927605143643516,-86.92292187896645
THORAD AGENA D DEB,Wed Aug 10 2067 05:41:27 GMT-0600 (Mountain Daylight Time),-30.556412132805878,-91.61678176610575
THORAD AGENA D DEB,Wed Aug 10 2067 05:46:27 GMT-0600 (Mountain Daylight Time),-46.973418585082165,-97.74461919133913
THORAD AGENA D DEB,Wed Aug 10 2067 05:51:27 GMT-0600 (Mountain Daylight Time),-62.91856251220325,-108.20579417213081
THORAD AGENA D DEB,Wed Aug 10 2067 05:56:27 GMT-0600 (Mountain Daylight Time),-76.87674895479626,-138.10208267606393
THORAD AGENA D DEB,Wed Aug 10 2067 06:01:27 GMT-0600 (Mountain Daylight Time),-77.23980858475917,139.94044899139644
THORAD AGENA D DEB,Wed Aug 10 2067 06:06:27 GMT-0600 (Mountain Daylight Time),-63.444905550969104,108.56932361572414
THORAD AGENA D DEB,Wed Aug 10 2067 06:11:27 GMT-0600 (Mountain Daylight Time),-47.52489123137772,97.83894692477185
THORAD AGENA D DEB,Wed Aug 10 2067 06:16:27 GMT-0600 (Mountain Daylight Time),-31.11522235025399,91.63114767013465
THORAD AGENA D DEB,Wed Aug 10 2067 06:21:27 GMT-0600 (Mountain Daylight Time),-14.488366259252553,86.90843132204482
THORAD AGENA D DEB,Wed Aug 10 2067 06:26:27 GMT-0600 (Mountain Daylight Time),2.2502523002957178,82.67178614809607
THORAD AGENA D DEB,Wed Aug 10 2067 06:31:27 GMT-0600 (Mountain Daylight Time),19.020430381248584,78.35637551577041
THORAD AGENA D DEB,Wed Aug 10 2067 06:36:27 GMT-0600 (Mountain Daylight Time),35.73330560993201,73.33095674939169
THORAD AGENA D DEB,Wed Aug 10 2067 06:41:27 GMT-0600 (Mountain Daylight Time),52.244542023951446,66.25231899633756
THORAD AGENA D DEB,Wed Aug 10 2067 06:46:27 GMT-0600 (Mountain Daylight Time),68.09634018772614,52.25731909911541
THORAD AGENA D DEB,Wed Aug 10 2067 06:51:27 GMT-0600 (Mountain Daylight Time),79.72605572954295,1.8583322729636311
THORAD AGENA D DEB,Wed Aug 10 2067 06:56:27 GMT-0600 (Mountain Daylight Time),72.63921238640431,-70.3827542283306
THORAD AGENA D DEB,Wed Aug 10 2067 07:01:27 GMT-0600 (Mountain Daylight Time),57.31973773393788,-89.84808873315147
THORAD AGENA D DEB,Wed Aug 10 2067 07:06:27 GMT-0600 (Mountain Daylight Time),40.93392042281662,-98.20134277523384
THORAD AGENA D DEB,Wed Aug 10 2067 07:11:27 GMT-0600 (Mountain Daylight Time),24.2664475711425,-103.65717664525717
THORAD AGENA D DEB,Wed Aug 10 2067 07:16:27 GMT-0600 (Mountain Daylight Time),7.507244813843625,-108.11146811883005
THORAD AGENA D DEB,Wed Aug 10 2067 07:21:27 GMT-0600 (Mountain Daylight Time),-9.245965866737883,-112.31619517657066
THORAD AGENA D DEB,Wed Aug 10 2067 07:26:27 GMT-0600 (Mountain Daylight Time),-25.913340642320808,-116.81220415894461
THORAD AGENA D DEB,Wed Aug 10 2067 07:31:27 GMT-0600 (Mountain Daylight Time),-42.40392788392802,-122.38246676303861
THORAD AGENA D DEB,Wed Aug 10 2067 07:36:27 GMT-0600 (Mountain Daylight Time),-58.53261699621945,-131.05365850212596
THORAD AGENA D DEB,Wed Aug 10 2067 07:41:27 GMT-0600 (Mountain Daylight Time),-73.45631471789288,-151.79295370573084
THORAD AGENA D DEB,Wed Aug 10 2067 07:46:27 GMT-0600 (Mountain Daylight Time),-79.51617146319761,134.15615000935566
THORAD AGENA D DEB,Wed Aug 10 2067 07:51:27 GMT-0600 (Mountain Daylight Time),-67.69853736688934,87.08221852912638
THORAD AGENA D DEB,Wed Aug 10 2067 07:56:27 GMT-0600 (Mountain Daylight Time),-52.057283313657074,73.54227946175749
THORAD AGENA D DEB,Wed Aug 10 2067 08:01:27 GMT-0600 (Mountain Daylight Time),-35.7411231529737,66.55479307945818
THORAD AGENA D DEB,Wed Aug 10 2067 08:06:27 GMT-0600 (Mountain Daylight Time),-19.16154398268307,61.55483771278511
THORAD AGENA D DEB,Wed Aug 10 2067 08:11:27 GMT-0600 (Mountain Daylight Time),-2.4455886773692206,57.24591158894879
THORAD AGENA D DEB,Wed Aug 10 2067 08:16:27 GMT-0600 (Mountain Daylight Time),14.32423439525276,53.00570374797546
THORAD AGENA D DEB,Wed Aug 10 2067 08:21:27 GMT-0600 (Mountain Daylight Time),31.064091264889548,48.264727653755266
THORAD AGENA D DEB,Wed Aug 10 2067 08:26:27 GMT-0600 (Mountain Daylight Time),47.654631017412164,41.994036468953155
THORAD AGENA D DEB,Wed Aug 10 2067 08:31:27 GMT-0600 (Mountain Daylight Time),63.790743679867,30.987377392563793
THORAD AGENA D DEB,Wed Aug 10 2067 08:36:27 GMT-0600 (Mountain Daylight Time),77.63614996897758,-2.4264400493502714
THORAD AGENA D DEB,Wed Aug 10 2067 08:41:27 GMT-0600 (Mountain Daylight Time),76.2495471960186,-85.01034704619568
THORAD AGENA D DEB,Wed Aug 10 2067 08:46:27 GMT-0600 (Mountain Daylight Time),61.793078624577525,-112.88314363444867
THORAD AGENA D DEB,Wed Aug 10 2067 08:51:27 GMT-0600 (Mountain Daylight Time),45.56544035151948,-122.89709466590533
THORAD AGENA D DEB,Wed Aug 10 2067 08:56:27 GMT-0600 (Mountain Daylight Time),28.94969048153708,-128.87501356242424
THORAD AGENA D DEB,Wed Aug 10 2067 09:01:27 GMT-0600 (Mountain Daylight Time),12.205000934932103,-133.51174066877257
THORAD AGENA D DEB,Wed Aug 10 2067 09:06:27 GMT-0600 (Mountain Daylight Time),-4.557819240893026,-137.73117553149996
THORAD AGENA D DEB,Wed Aug 10 2067 09:11:27 GMT-0600 (Mountain Daylight Time),-21.256951904862575,-142.0863564778951
THORAD AGENA D DEB,Wed Aug 10 2067 09:16:27 GMT-0600 (Mountain Daylight Time),-37.80841905512379,-147.23798471414804
THORAD AGENA D DEB,Wed Aug 10 2067 09:21:27 GMT-0600 (Mountain Daylight Time),-54.07179736920266,-154.6613001367626
THORAD AGENA D DEB,Wed Aug 10 2067 09:26:27 GMT-0600 (Mountain Daylight Time),-69.54182214721624,-169.91750725638425
THORAD AGENA D DEB,Wed Aug 10 2067 09:31:27 GMT-0600 (Mountain Daylight Time),-79.98757180765813,134.27228555873322
THORAD AGENA D DEB,Wed Aug 10 2067 09:36:27 GMT-0600 (Mountain Daylight Time),-71.74960548112684,67.63308788101206
THORAD AGENA D DEB,Wed Aug 10 2067 09:41:27 GMT-0600 (Mountain Daylight Time),-56.54431235217764,49.68162735011119
THORAD AGENA D DEB,Wed Aug 10 2067 09:46:27 GMT-0600 (Mountain Daylight Time),-40.347591405083314,41.62111823301476
THORAD AGENA D DEB,Wed Aug 10 2067 09:51:27 GMT-0600 (Mountain Daylight Time),-23.824385524462294,36.25233035255455
THORAD AGENA D DEB,Wed Aug 10 2067 09:56:27 GMT-0600 (Mountain Daylight Time),-7.137381069805453,31.825201256523833
THORAD AGENA D DEB,Wed Aug 10 2067 10:01:27 GMT-0600 (Mountain Daylight Time),9.62565956377795,27.617982181162176
THORAD AGENA D DEB,Wed Aug 10 2067 10:06:27 GMT-0600 (Mountain Daylight Time),26.383749404783845,23.08782661323007
THORAD AGENA D DEB,Wed Aug 10 2067 10:11:27 GMT-0600 (Mountain Daylight Time),43.03348669930182,17.413449070468737
THORAD AGENA D DEB,Wed Aug 10 2067 10:16:27 GMT-0600 (Mountain Daylight Time),59.357491241922226,8.38236649617277
THORAD AGENA D DEB,Wed Aug 10 2067 10:21:27 GMT-0600 (Mountain Daylight Time),74.35087346054414,-14.354585318896111
THORAD AGENA D DEB,Wed Aug 10 2067 10:26:27 GMT-0600 (Mountain Daylight Time),78.97821518993567,-92.93857870849388
THORAD AGENA D DEB,Wed Aug 10 2067 10:31:27 GMT-0600 (Mountain Daylight Time),66.16397095008729,-134.8383641225311
THORAD AGENA D DEB,Wed Aug 10 2067 10:36:27 GMT-0600 (Mountain Daylight Time),50.1698993213757,-147.31500712067603
THORAD AGENA D DEB,Wed Aug 10 2067 10:41:27 GMT-0600 (Mountain Daylight Time),33.62325603682211,-153.99539642343376
THORAD AGENA D DEB,Wed Aug 10 2067 10:46:27 GMT-0600 (Mountain Daylight Time),16.901277121261845,-158.88109999598646
THORAD AGENA D DEB,Wed Aug 10 2067 10:51:27 GMT-0600 (Mountain Daylight Time),0.13513062756824223,-163.15631087784226
THORAD AGENA D DEB,Wed Aug 10 2067 10:56:27 GMT-0600 (Mountain Daylight Time),-16.589381262021863,-167.41925122048494
THORAD AGENA D DEB,Wed Aug 10 2067 11:01:27 GMT-0600 (Mountain Daylight Time),-33.19179842856034,-172.25560209155972
THORAD AGENA D DEB,Wed Aug 10 2067 11:06:27 GMT-0600 (Mountain Daylight Time),-49.55875014031058,-178.78216054098533
THORAD AGENA D DEB,Wed Aug 10 2067 11:11:27 GMT-0600 (Mountain Daylight Time),-65.36559887558988,169.3779304191451
THORAD AGENA D DEB,Wed Aug 10 2067 11:16:27 GMT-0600 (Mountain Daylight Time),-78.43159984755363,131.78698227119557
THORAD AGENA D DEB,Wed Aug 10 2067 11:21:27 GMT-0600 (Mountain Daylight Time),-75.43221529102527,51.66705369861196
THORAD AGENA D DEB,Wed Aug 10 2067 11:26:27 GMT-0600 (Mountain Daylight Time),-60.96798452367972,26.455368484437802
THORAD AGENA D DEB,Wed Aug 10 2067 11:31:27 GMT-0600 (Mountain Daylight Time),-44.93036803433664,16.87788111474557
THORAD AGENA D DEB,Wed Aug 10 2067 11:36:27 GMT-0600 (Mountain Daylight Time),-28.474856500405668,11.019045115748467
THORAD AGENA D DEB,Wed Aug 10 2067 11:41:27 GMT-0600 (Mountain Daylight Time),-11.823422800053722,6.420903053292143
THORAD AGENA D DEB,Wed Aug 10 2067 11:46:27 GMT-0600 (Mountain Daylight Time),4.926611122757698,2.206312929594902
THORAD AGENA D DEB,Wed Aug 10 2067 11:51:27 GMT-0600 (Mountain Daylight Time),21.695211504148567,-2.1725922925116317
THORAD AGENA D DEB,Wed Aug 10 2067 11:56:27 GMT-0600 (Mountain Daylight Time),38.3892735519199,-7.401004398804457
THORAD AGENA D DEB,Wed Aug 10 2067 12:01:27 GMT-0600 (Mountain Daylight Time),54.843980180919836,-15.070866331500048
THORAD AGENA D DEB,Wed Aug 10 2067 12:06:27 GMT-0600 (Mountain Daylight Time),70.4634171199259,-31.488185718418247
THORAD AGENA D DEB,Wed Aug 10 2067 12:11:27 GMT-0600 (Mountain Daylight Time),80.07079415357845,-93.51275374034691
THORAD AGENA D DEB,Wed Aug 10 2067 12:16:27 GMT-0600 (Mountain Daylight Time),70.36533276334652,-155.04475142369438
THORAD AGENA D DEB,Wed Aug 10 2067 12:21:27 GMT-0600 (Mountain Daylight Time),54.737148017170476,-171.34463392737692
THORAD AGENA D DEB,Wed Aug 10 2067 12:26:27 GMT-0600 (Mountain Daylight Time),38.28387007893525,-178.9867076720914
THORAD AGENA D DEB,Wed Aug 10 2067 12:31:27 GMT-0600 (Mountain Daylight Time),21.594101643261535,175.79462198177694
THORAD AGENA D DEB,Wed Aug 10 2067 12:36:27 GMT-0600 (Mountain Daylight Time),4.831188150497804,171.41942236923677
THORAD AGENA D DEB,Wed Aug 10 2067 12:41:27 GMT-0600 (Mountain Daylight Time),-11.912544072131094,167.20535585439538
THORAD AGENA D DEB,Wed Aug 10 2067 12:46:27 GMT-0600 (Mountain Daylight Time),-28.55767777371903,162.60464796452345
THORAD AGENA D DEB,Wed Aug 10 2067 12:51:27 GMT-0600 (Mountain Daylight Time),-45.00722205818616,156.73737435330656
THORAD AGENA D DEB,Wed Aug 10 2067 12:56:27 GMT-0600 (Mountain Daylight Time),-61.038437636246414,147.13186805478736
THORAD AGENA D DEB,Wed Aug 10 2067 13:01:27 GMT-0600 (Mountain Daylight Time),-75.48543957084647,121.77519591047049
THORAD AGENA D DEB,Wed Aug 10 2067 13:06:27 GMT-0600 (Mountain Daylight Time),-78.39418234485296,41.543694097577344
THORAD AGENA D DEB,Wed Aug 10 2067 13:11:27 GMT-0600 (Mountain Daylight Time),-65.29764552934252,4.190754913479552
THORAD AGENA D DEB,Wed Aug 10 2067 13:16:27 GMT-0600 (Mountain Daylight Time),-49.483502498453284,-7.6072227321791
THORAD AGENA D DEB,Wed Aug 10 2067 13:21:27 GMT-0600 (Mountain Daylight Time),-33.11062942370586,-14.122246774406454
THORAD AGENA D DEB,Wed Aug 10 2067 13:26:27 GMT-0600 (Mountain Daylight Time),-16.501984111147905,-18.954861767789414
THORAD AGENA D DEB,Wed Aug 10 2067 13:31:27 GMT-0600 (Mountain Daylight Time),0.22888810798042433,-23.217539764469823
THORAD AGENA D DEB,Wed Aug 10 2067 13:36:27 GMT-0600 (Mountain Daylight Time),17.00095719406544,-27.49543215527104
THORAD AGENA D DEB,Wed Aug 10 2067 13:41:27 GMT-0600 (Mountain Daylight Time),33.727711410432235,-32.388619904744175
THORAD AGENA D DEB,Wed Aug 10 2067 13:46:27 GMT-0600 (Mountain Daylight Time),50.276833343351385,-39.08919799768648
THORAD AGENA D DEB,Wed Aug 10 2067 13:51:27 GMT-0600 (Mountain Daylight Time),66.26691976236641,-51.63979399607198
THORAD AGENA D DEB,Wed Aug 10 2067 13:56:27 GMT-0600 (Mountain Daylight Time),79.02746039135762,-93.96441612666864
THORAD AGENA D DEB,Wed Aug 10 2067 14:01:27 GMT-0600 (Mountain Daylight Time),74.26245675211615,-172.2732968945107
THORAD AGENA D DEB,Wed Aug 10 2067 14:06:27 GMT-0600 (Mountain Daylight Time),59.25136166688337,165.18559372589093
THORAD AGENA D DEB,Wed Aug 10 2067 14:11:27 GMT-0600 (Mountain Daylight Time),42.927334847327366,156.19393050886987
THORAD AGENA D DEB,Wed Aug 10 2067 14:16:27 GMT-0600 (Mountain Daylight Time),26.281316218412044,150.53233233745135
THORAD AGENA D DEB,Wed Aug 10 2067 14:21:27 GMT-0600 (Mountain Daylight Time),9.528621777668388,146.00710388146803
THORAD AGENA D DEB,Wed Aug 10 2067 14:26:27 GMT-0600 (Mountain Daylight Time),-7.228225392024375,141.80120028529007
THORAD AGENA D DEB,Wed Aug 10 2067 14:31:27 GMT-0600 (Mountain Daylight Time),-23.908880433886953,137.37248742159775
THORAD AGENA D DEB,Wed Aug 10 2067 14:36:27 GMT-0600 (Mountain Daylight Time),-40.42603829526166,131.99749971034817
THORAD AGENA D DEB,Wed Aug 10 2067 14:41:27 GMT-0600 (Mountain Daylight Time),-56.616744405136295,123.91757185732942
THORAD AGENA D DEB,Wed Aug 10 2067 14:46:27 GMT-0600 (Mountain Daylight Time),-71.81102223608471,105.87959169476237
THORAD AGENA D DEB,Wed Aug 10 2067 14:51:27 GMT-0600 (Mountain Daylight Time),-79.97800617976594,38.95511141601009
THORAD AGENA D DEB,Wed Aug 10 2067 14:56:27 GMT-0600 (Mountain Daylight Time),-69.47743505778489,-16.5440583115534
THORAD AGENA D DEB,Wed Aug 10 2067 15:01:27 GMT-0600 (Mountain Daylight Time),-53.99822671616464,-31.734623766047736
THORAD AGENA D DEB,Wed Aug 10 2067 15:06:27 GMT-0600 (Mountain Daylight Time),-37.728881466967444,-39.14194979411077
THORAD AGENA D DEB,Wed Aug 10 2067 15:11:27 GMT-0600 (Mountain Daylight Time),-21.171270155416664,-44.28838427040706
THORAD AGENA D DEB,Wed Aug 10 2067 15:16:27 GMT-0600 (Mountain Daylight Time),-4.4657647767482205,-48.642479459539196
THORAD AGENA D DEB,Wed Aug 10 2067 15:21:27 GMT-0600 (Mountain Daylight Time),12.303168357126953,-52.86370314066029
THORAD AGENA D DEB,Wed Aug 10 2067 15:26:27 GMT-0600 (Mountain Daylight Time),29.05302814799941,-57.506179396942194
THORAD AGENA D DEB,Wed Aug 10 2067 15:31:27 GMT-0600 (Mountain Daylight Time),45.67207183875912,-63.499117242263374
THORAD AGENA D DEB,Wed Aug 10 2067 15:36:27 GMT-0600 (Mountain Daylight Time),61.898514404875776,-73.56201039503605
THORAD AGENA D DEB,Wed Aug 10 2067 15:41:27 GMT-0600 (Mountain Daylight Time),76.32842187849921,-101.69990323088948
THORAD AGENA D DEB,Wed Aug 10 2067 15:46:27 GMT-0600 (Mountain Daylight Time),77.56761963271884,175.6387849443105
THORAD AGENA D DEB,Wed Aug 10 2067 15:51:27 GMT-0600 (Mountain Daylight Time),63.686269320202406,142.55528107277195
THORAD AGENA D DEB,Wed Aug 10 2067 15:56:27 GMT-0600 (Mountain Daylight Time),47.54798389028432,131.60669667592023
THORAD AGENA D DEB,Wed Aug 10 2067 16:01:27 GMT-0600 (Mountain Daylight Time),30.960460620628176,125.3530056954354
THORAD AGENA D DEB,Wed Aug 10 2067 16:06:27 GMT-0600 (Mountain Daylight Time),14.22563951112284,120.61846613701582
THORAD AGENA D DEB,Wed Aug 10 2067 16:11:27 GMT-0600 (Mountain Daylight Time),-2.5381371350731174,116.38041806555084
THORAD AGENA D DEB,Wed Aug 10 2067 16:16:27 GMT-0600 (Mountain Daylight Time),-19.247736717618057,112.07077004827363
THORAD AGENA D DEB,Wed Aug 10 2067 16:21:27 GMT-0600 (Mountain Daylight Time),-35.82116939220426,107.066299783255
THORAD AGENA D DEB,Wed Aug 10 2067 16:26:27 GMT-0600 (Mountain Daylight Time),-52.131446191203764,100.06497367555188
THORAD AGENA D DEB,Wed Aug 10 2067 16:31:27 GMT-0600 (Mountain Daylight Time),-67.76457443114109,86.47128192327907
THORAD AGENA D DEB,Wed Aug 10 2067 16:36:27 GMT-0600 (Mountain Daylight Time),-79.53920611057329,39.10610740170107
THORAD AGENA D DEB,Wed Aug 10 2067 16:41:27 GMT-0600 (Mountain Daylight Time),-73.39777587284722,-34.720249442202565
THORAD AGENA D DEB,Wed Aug 10 2067 16:46:27 GMT-0600 (Mountain Daylight Time),-58.46088849526389,-55.35177362224207
THORAD AGENA D DEB,Wed Aug 10 2067 16:51:27 GMT-0600 (Mountain Daylight Time),-42.32600133458936,-64.00029129233602
THORAD AGENA D DEB,Wed Aug 10 2067 16:56:27 GMT-0600 (Mountain Daylight Time),-25.82936400365933,-69.56346207311363
THORAD AGENA D DEB,Wed Aug 10 2067 17:01:27 GMT-0600 (Mountain Daylight Time),-9.155632736966572,-74.05747911044504
THORAD AGENA D DEB,Wed Aug 10 2067 17:06:27 GMT-0600 (Mountain Daylight Time),7.603825261381275,-78.26317717937523
THORAD AGENA D DEB,Wed Aug 10 2067 17:11:27 GMT-0600 (Mountain Daylight Time),24.36853186643598,-82.72184351930298
THORAD AGENA D DEB,Wed Aug 10 2067 17:16:27 GMT-0600 (Mountain Daylight Time),41.03994814283865,-88.1890443660018
THORAD AGENA D DEB,Wed Aug 10 2067 17:21:27 GMT-0600 (Mountain Daylight Time),57.426368010881724,-96.5760937366161
THORAD AGENA D DEB,Wed Aug 10 2067 17:26:27 GMT-0600 (Mountain Daylight Time),72.7326656458068,-116.19789112150414
THORAD AGENA D DEB,Wed Aug 10 2067 17:31:27 GMT-0600 (Mountain Daylight Time),79.69602256511688,171.1618342592876
THORAD AGENA D DEB,Wed Aug 10 2067 17:36:27 GMT-0600 (Mountain Daylight Time),67.99517230900068,121.24459793818784
THORAD AGENA D DEB,Wed Aug 10 2067 17:41:27 GMT-0600 (Mountain Daylight Time),52.13774228482326,107.33918751126897
THORAD AGENA D DEB,Wed Aug 10 2067 17:46:27 GMT-0600 (Mountain Daylight Time),35.628620361495926,100.28361520931509
THORAD AGENA D DEB,Wed Aug 10 2067 17:51:27 GMT-0600 (Mountain Daylight Time),18.920357613557673,95.26656651113349
THORAD AGENA D DEB,Wed Aug 10 2067 17:56:27 GMT-0600 (Mountain Daylight Time),2.1560239652347963,90.95425671701746
THORAD AGENA D DEB,Wed Aug 10 2067 18:01:27 GMT-0600 (Mountain Daylight Time),-14.576267478085128,86.71768960799442
THORAD AGENA D DEB,Wed Aug 10 2067 18:06:27 GMT-0600 (Mountain Daylight Time),-31.19688695153532,81.99177752751446
THORAD AGENA D DEB,Wed Aug 10 2067 18:11:27 GMT-0600 (Mountain Daylight Time),-47.60067312832055,75.77392271493832
THORAD AGENA D DEB,Wed Aug 10 2067 18:16:27 GMT-0600 (Mountain Daylight Time),-63.51392327816907,65.00851799384175
THORAD AGENA D DEB,Wed Aug 10 2067 18:21:27 GMT-0600 (Mountain Daylight Time),-77.2853115223982,33.44309571215403
THORAD AGENA D DEB,Wed Aug 10 2067 18:26:27 GMT-0600 (Mountain Daylight Time),-76.82906622394748,-48.49908873975024
THORAD AGENA D DEB,Wed Aug 10 2067 18:31:27 GMT-0600 (Mountain Daylight Time),-62.84901558120877,-78.21401362842242
THORAD AGENA D DEB,Wed Aug 10 2067 18:36:27 GMT-0600 (Mountain Daylight Time),-46.89710692424117,-88.64199493432848
THORAD AGENA D DEB,Wed Aug 10 2067 18:41:27 GMT-0600 (Mountain Daylight Time),-30.474117904930765,-94.76017646831973
THORAD AGENA D DEB,Wed Aug 10 2067 18:46:27 GMT-0600 (Mountain Daylight Time),-13.83900664545408,-99.45099116530217
THORAD AGENA D DEB,Wed Aug 10 2067 18:51:27 GMT-0600 (Mountain Daylight Time),2.9047874183010878,-103.68141690922285
THORAD AGENA D DEB,Wed Aug 10 2067 18:56:27 GMT-0600 (Mountain Daylight Time),19.676941190228938,-108.0113511921386
THORAD AGENA D DEB,Wed Aug 10 2067 19:01:27 GMT-0600 (Mountain Daylight Time),36.38742341831075,-113.08408913496946
THORAD AGENA D DEB,Wed Aug 10 2067 19:06:27 GMT-0600 (Mountain Daylight Time),52.88715013254307,-120.29882540120357
THORAD AGENA D DEB,Wed Aug 10 2067 19:11:27 GMT-0600 (Mountain Daylight Time),68.68843863240387,-134.83332295781705
THORAD AGENA D DEB,Wed Aug 10 2067 19:16:27 GMT-0600 (Mountain Daylight Time),79.87680601606516,171.93246058466138
THORAD AGENA D DEB,Wed Aug 10 2067 19:21:27 GMT-0600 (Mountain Daylight Time),72.0884427100437,102.12010918870054
THORAD AGENA D DEB,Wed Aug 10 2067 19:26:27 GMT-0600 (Mountain Daylight Time),56.68441543169001,83.5241128261233
THORAD AGENA D DEB,Wed Aug 10 2067 19:31:27 GMT-0600 (Mountain Daylight Time),40.28218027057809,75.36005045356673
THORAD AGENA D DEB,Wed Aug 10 2067 19:36:27 GMT-0600 (Mountain Daylight Time),23.610733551912507,69.96661219247542
THORAD AGENA D DEB,Wed Aug 10 2067 19:41:27 GMT-0600 (Mountain Daylight Time),6.8525492206740655,65.53369001476167
THORAD AGENA D DEB,Wed Aug 10 2067 19:46:27 GMT-0600 (Mountain Daylight Time),-9.89632004329274,61.32827898022483
THORAD AGENA D DEB,Wed Aug 10 2067 19:51:27 GMT-0600 (Mountain Daylight Time),-26.556417822936325,56.80896281027123
THORAD AGENA D DEB,Wed Aug 10 2067 19:56:27 GMT-0600 (Mountain Daylight Time),-43.035696955370135,51.1715010665241
THORAD AGENA D DEB,Wed Aug 10 2067 20:01:27 GMT-0600 (Mountain Daylight Time),-59.141117606316584,42.29231395039027
THORAD AGENA D DEB,Wed Aug 10 2067 20:06:27 GMT-0600 (Mountain Daylight Time),-73.96306394058048,20.559992479420643
THORAD AGENA D DEB,Wed Aug 10 2067 20:11:27 GMT-0600 (Mountain Daylight Time),-79.29410971451642,-55.35904503896941
THORAD AGENA D DEB,Wed Aug 10 2067 20:16:27 GMT-0600 (Mountain Daylight Time),-67.12324292811427,-99.90873958604959
THORAD AGENA D DEB,Wed Aug 10 2067 20:21:27 GMT-0600 (Mountain Daylight Time),-51.43520695063333,-112.98748517360337
THORAD AGENA D DEB,Wed Aug 10 2067 20:26:27 GMT-0600 (Mountain Daylight Time),-35.103013306808954,-119.85313670553222
THORAD AGENA D DEB,Wed Aug 10 2067 20:31:27 GMT-0600 (Mountain Daylight Time),-18.514132573090617,-124.81030459003838
THORAD AGENA D DEB,Wed Aug 10 2067 20:36:27 GMT-0600 (Mountain Daylight Time),-1.792167250449816,-129.10702070800255
THORAD AGENA D DEB,Wed Aug 10 2067 20:41:27 GMT-0600 (Mountain Daylight Time),14.98058776065654,-133.3555634377514
THORAD AGENA D DEB,Wed Aug 10 2067 20:46:27 GMT-0600 (Mountain Daylight Time),31.71949279937181,-138.13201571364488
THORAD AGENA D DEB,Wed Aug 10 2067 20:51:27 GMT-0600 (Mountain Daylight Time),48.30209044835619,-144.50219803493925
THORAD AGENA D DEB,Wed Aug 10 2067 20:56:27 GMT-0600 (Mountain Daylight Time),64.4064784620476,-155.8566844026328
THORAD AGENA D DEB,Wed Aug 10 2067 21:01:27 GMT-0600 (Mountain Daylight Time),78.02140750576459,168.73471985723145
THORAD AGENA D DEB,Wed Aug 10 2067 21:06:27 GMT-0600 (Mountain Daylight Time),75.78031867068385,86.77262823163005
THORAD AGENA D DEB,Wed Aug 10 2067 21:11:27 GMT-0600 (Mountain Daylight Time),61.168481536528915,60.37177431648479
THORAD AGENA D DEB,Wed Aug 10 2067 21:16:27 GMT-0600 (Mountain Daylight Time),44.91639882781776,50.63169643207046
THORAD AGENA D DEB,Wed Aug 10 2067 21:21:27 GMT-0600 (Mountain Daylight Time),28.29449300216219,44.73706409130074
THORAD AGENA D DEB,Wed Aug 10 2067 21:26:27 GMT-0600 (Mountain Daylight Time),11.549694413298367,40.13000254781155
THORAD AGENA D DEB,Wed Aug 10 2067 21:31:27 GMT-0600 (Mountain Daylight Time),-5.209641909447756,35.9154844574446
THORAD AGENA D DEB,Wed Aug 10 2067 21:36:27 GMT-0600 (Mountain Daylight Time),-21.90233491690517,31.544285040968656
THORAD AGENA D DEB,Wed Aug 10 2067 21:41:27 GMT-0600 (Mountain Daylight Time),-38.44392763857288,26.342118604363606
THORAD AGENA D DEB,Wed Aug 10 2067 21:46:27 GMT-0600 (Mountain Daylight Time),-54.6893000341124,18.771620725472776
THORAD AGENA D DEB,Wed Aug 10 2067 21:51:27 GMT-0600 (Mountain Daylight Time),-70.09880935011337,2.9119867272910973
THORAD AGENA D DEB,Wed Aug 10 2067 21:56:27 GMT-0600 (Mountain Daylight Time),-80.0494143721141,-55.65287858304182
THORAD AGENA D DEB,Wed Aug 10 2067 22:01:27 GMT-0600 (Mountain Daylight Time),-71.20955697238612,-119.7046609253494
THORAD AGENA D DEB,Wed Aug 10 2067 22:06:27 GMT-0600 (Mountain Daylight Time),-55.929752848024826,-136.91770859426848
THORAD AGENA D DEB,Wed Aug 10 2067 22:11:27 GMT-0600 (Mountain Daylight Time),-39.71293751170382,-144.80885724012327
THORAD AGENA D DEB,Wed Aug 10 2067 22:16:27 GMT-0600 (Mountain Daylight Time),-23.179167032225713,-150.12076097967676
THORAD AGENA D DEB,Wed Aug 10 2067 22:21:27 GMT-0600 (Mountain Daylight Time),-6.485314644528211,-154.52898943780616
THORAD AGENA D DEB,Wed Aug 10 2067 22:26:27 GMT-0600 (Mountain Daylight Time),10.281561962852468,-158.73881542751903
THORAD AGENA D DEB,Wed Aug 10 2067 22:31:27 GMT-0600 (Mountain Daylight Time),27.039935472607418,-163.29507584893634
THORAD AGENA D DEB,Wed Aug 10 2067 22:36:27 GMT-0600 (Mountain Daylight Time),43.68432368157325,-169.04347058969083
THORAD AGENA D DEB,Wed Aug 10 2067 22:41:27 GMT-0600 (Mountain Daylight Time),59.98739611707008,-178.30930407477052
THORAD AGENA D DEB,Wed Aug 10 2067 22:46:27 GMT-0600 (Mountain Daylight Time),74.8602419602121,157.76690493898496
THORAD AGENA D DEB,Wed Aug 10 2067 22:51:27 GMT-0600 (Mountain Daylight Time),78.67294111143153,77.74549484190972
THORAD AGENA D DEB,Wed Aug 10 2067 22:56:27 GMT-0600 (Mountain Daylight Time),65.55661272595515,38.23258271486522
THORAD AGENA D DEB,Wed Aug 10 2067 23:01:27 GMT-0600 (Mountain Daylight Time),49.524722684574286,26.168932675298716
THORAD AGENA D DEB,Wed Aug 10 2067 23:06:27 GMT-0600 (Mountain Daylight Time),32.96901348911832,19.601192085231208
THORAD AGENA D DEB,Wed Aug 10 2067 23:11:27 GMT-0600 (Mountain Daylight Time),16.24563316071611,14.755404761711429
THORAD AGENA D DEB,Wed Aug 10 2067 23:16:27 GMT-0600 (Mountain Daylight Time),-0.517928424431992,10.490978308818523
THORAD AGENA D DEB,Wed Aug 10 2067 23:21:27 GMT-0600 (Mountain Daylight Time),-17.23681722765934,6.218365063063764
THORAD AGENA D DEB,Wed Aug 10 2067 23:26:27 GMT-0600 (Mountain Daylight Time),-33.830500106319796,1.3440770247883025
THORAD AGENA D DEB,Wed Aug 10 2067 23:31:27 GMT-0600 (Mountain Daylight Time),-50.182844578026355,-5.289438907231817
THORAD AGENA D DEB,Wed Aug 10 2067 23:36:27 GMT-0600 (Mountain Daylight Time),-65.95039043569243,-17.514050850467537
THORAD AGENA D DEB,Wed Aug 10 2067 23:41:27 GMT-0600 (Mountain Daylight Time),-78.74598303869487,-57.281141122102
THORAD AGENA D DEB,Wed Aug 10 2067 23:46:27 GMT-0600 (Mountain Daylight Time),-74.95813809076778,-136.26885596662743
THORAD AGENA D DEB,Wed Aug 10 2067 23:51:27 GMT-0600 (Mountain Daylight Time),-60.36394492167904,-160.24673903647417
THORAD AGENA D DEB,Wed Aug 10 2067 23:56:27 GMT-0600 (Mountain Daylight Time),-44.29980163465177,-169.58168974218657
THORAD AGENA D DEB,Thu Aug 11 2067 00:01:27 GMT-0600 (Mountain Daylight Time),-27.832108342718268,-175.36472896940543
THORAD AGENA D DEB,Thu Aug 11 2067 00:06:27 GMT-0600 (Mountain Daylight Time),-11.172941017630704,-179.93614455672994
THORAD AGENA D DEB,Thu Aug 11 2067 00:11:27 GMT-0600 (Mountain Daylight Time),5.581791734216377,175.85224813534435
THORAD AGENA D DEB,Thu Aug 11 2067 00:16:27 GMT-0600 (Mountain Daylight Time),22.351776111208846,171.45494477595437
THORAD AGENA D DEB,Thu Aug 11 2067 00:21:27 GMT-0600 (Mountain Daylight Time),39.042476220365174,166.17090964577636
THORAD AGENA D DEB,Thu Aug 11 2067 00:26:27 GMT-0600 (Mountain Daylight Time),55.482920103679724,158.3365746144761
THORAD AGENA D DEB,Thu Aug 11 2067 00:31:27 GMT-0600 (Mountain Daylight Time),71.03454889048035,141.2102457252786
THORAD AGENA D DEB,Thu Aug 11 2067 00:36:27 GMT-0600 (Mountain Daylight Time),80.04460881884432,76.37106093288129
THORAD AGENA D DEB,Thu Aug 11 2067 00:41:27 GMT-0600 (Mountain Daylight Time),69.78762004740521,17.722006397556928
THORAD AGENA D DEB,Thu Aug 11 2067 00:46:27 GMT-0600 (Mountain Daylight Time),54.09758390601866,2.0759273517851864
THORAD AGENA D DEB,Thu Aug 11 2067 00:51:27 GMT-0600 (Mountain Daylight Time),37.63111713367438,-5.410636640396367
THORAD AGENA D DEB,Thu Aug 11 2067 00:56:27 GMT-0600 (Mountain Daylight Time),20.938419804217613,-10.576238887992357
THORAD AGENA D DEB,Thu Aug 11 2067 01:01:27 GMT-0600 (Mountain Daylight Time),4.177124835348274,-14.93418365005284
THORAD AGENA D DEB,Thu Aug 11 2067 01:06:27 GMT-0600 (Mountain Daylight Time),-12.561800264661446,-19.15212277170163
THORAD AGENA D DEB,Thu Aug 11 2067 01:11:27 GMT-0600 (Mountain Daylight Time),-29.199164955073083,-23.780890415447853
THORAD AGENA D DEB,Thu Aug 11 2067 01:16:27 GMT-0600 (Mountain Daylight Time),-45.63642157336703,-29.727399973474384
THORAD AGENA D DEB,Thu Aug 11 2067 01:21:27 GMT-0600 (Mountain Daylight Time),-61.64005393786967,-39.5898703706516
THORAD AGENA D DEB,Thu Aug 11 2067 01:26:27 GMT-0600 (Mountain Daylight Time),-75.94472914476586,-66.28303979805509
THORAD AGENA D DEB,Thu Aug 11 2067 01:31:27 GMT-0600 (Mountain Daylight Time),-78.05092002843996,-147.35396391436225
THORAD AGENA D DEB,Thu Aug 11 2067 01:36:27 GMT-0600 (Mountain Daylight Time),-64.7093919765304,177.33000909724547
THORAD AGENA D DEB,Thu Aug 11 2067 01:41:27 GMT-0600 (Mountain Daylight Time),-48.85793742054325,165.8927583201845
THORAD AGENA D DEB,Thu Aug 11 2067 01:46:27 GMT-0600 (Mountain Daylight Time),-32.47066862238708,159.47981499708305
THORAD AGENA D DEB,Thu Aug 11 2067 01:51:27 GMT-0600 (Mountain Daylight Time),-15.853316751173919,154.68347839170116
THORAD AGENA D DEB,Thu Aug 11 2067 01:56:27 GMT-0600 (Mountain Daylight Time),0.8830925513633554,150.42953955192837
THORAD AGENA D DEB,Thu Aug 11 2067 02:01:27 GMT-0600 (Mountain Daylight Time),17.657551930890644,146.13986255302174
THORAD AGENA D DEB,Thu Aug 11 2067 02:06:27 GMT-0600 (Mountain Daylight Time),34.382538646243795,141.2048127227293
THORAD AGENA D DEB,Thu Aug 11 2067 02:11:27 GMT-0600 (Mountain Daylight Time),50.92180594421625,134.385581976781
THORAD AGENA D DEB,Thu Aug 11 2067 02:16:27 GMT-0600 (Mountain Daylight Time),66.87078570251047,121.39089814841152
THORAD AGENA D DEB,Thu Aug 11 2067 02:21:27 GMT-0600 (Mountain Daylight Time),79.29416872627138,76.52842639733363
THORAD AGENA D DEB,Thu Aug 11 2067 02:26:27 GMT-0600 (Mountain Daylight Time),73.73997493422132,-0.03263495515239532
THORAD AGENA D DEB,Thu Aug 11 2067 02:31:27 GMT-0600 (Mountain Daylight Time),58.62016941051223,-21.48653269283239
THORAD AGENA D DEB,Thu Aug 11 2067 02:36:27 GMT-0600 (Mountain Daylight Time),42.27676635462809,-30.25743201923644
THORAD AGENA D DEB,Thu Aug 11 2067 02:41:27 GMT-0600 (Mountain Daylight Time),25.62593327476265,-35.84847897819313
THORAD AGENA D DEB,Thu Aug 11 2067 02:46:27 GMT-0600 (Mountain Daylight Time),8.87379732421297,-40.34896859644448
THORAD AGENA D DEB,Thu Aug 11 2067 02:51:27 GMT-0600 (Mountain Daylight Time),-7.879071222937586,-44.55315789532159
THORAD AGENA D DEB,Thu Aug 11 2067 02:56:27 GMT-0600 (Mountain Daylight Time),-24.552829881603643,-49.00188962875493
THORAD AGENA D DEB,Thu Aug 11 2067 03:01:27 GMT-0600 (Mountain Daylight Time),-41.059371134806554,-54.436276555175475
THORAD AGENA D DEB,Thu Aug 11 2067 03:06:27 GMT-0600 (Mountain Daylight Time),-57.2294147622916,-62.69469124538682
THORAD AGENA D DEB,Thu Aug 11 2067 03:11:27 GMT-0600 (Mountain Daylight Time),-72.34332918545859,-81.52942944936129
THORAD AGENA D DEB,Thu Aug 11 2067 03:16:27 GMT-0600 (Mountain Daylight Time),-79.87165489359937,-150.90258010346247
THORAD AGENA D DEB,Thu Aug 11 2067 03:21:27 GMT-0600 (Mountain Daylight Time),-68.91486917040478,156.33769500494256
THORAD AGENA D DEB,Thu Aug 11 2067 03:26:27 GMT-0600 (Mountain Daylight Time),-53.37905608516066,141.70869985505834
THORAD AGENA D DEB,Thu Aug 11 2067 03:31:27 GMT-0600 (Mountain Daylight Time),-37.09210283415113,134.4413635579731
THORAD AGENA D DEB,Thu Aug 11 2067 03:36:27 GMT-0600 (Mountain Daylight Time),-20.524660997160826,129.34332594347748
THORAD AGENA D DEB,Thu Aug 11 2067 03:41:27 GMT-0600 (Mountain Daylight Time),-3.812779178114813,125.0042154188091
THORAD AGENA D DEB,Thu Aug 11 2067 03:46:27 GMT-0600 (Mountain Daylight Time),12.959477406273203,120.7771575662404
THORAD AGENA D DEB,Thu Aug 11 2067 03:51:27 GMT-0600 (Mountain Daylight Time),29.708917947829125,116.103480852126
THORAD AGENA D DEB,Thu Aug 11 2067 03:56:27 GMT-0600 (Mountain Daylight Time),46.321199743472775,110.02307125811085
THORAD AGENA D DEB,Thu Aug 11 2067 04:01:27 GMT-0600 (Mountain Daylight Time),62.521202531613724,99.66790231493543
THORAD AGENA D DEB,Thu Aug 11 2067 04:06:27 GMT-0600 (Mountain Daylight Time),76.77781012380609,69.92426856469716
THORAD AGENA D DEB,Thu Aug 11 2067 04:11:27 GMT-0600 (Mountain Daylight Time),77.1555119080992,-13.01353606942332
THORAD AGENA D DEB,Thu Aug 11 2067 04:16:27 GMT-0600 (Mountain Daylight Time),63.06811849904707,-44.258259298105166
THORAD AGENA D DEB,Thu Aug 11 2067 04:21:27 GMT-0600 (Mountain Daylight Time),46.90055751707503,-54.88194430226167
THORAD AGENA D DEB,Thu Aug 11 2067 04:26:27 GMT-0600 (Mountain Daylight Time),30.305767509429,-61.04101557414812
THORAD AGENA D DEB,Thu Aug 11 2067 04:31:27 GMT-0600 (Mountain Daylight Time),13.57031941113643,-65.74177515846947
THORAD AGENA D DEB,Thu Aug 11 2067 04:36:27 GMT-0600 (Mountain Daylight Time),-3.1903500249236023,-69.97243402934919
THORAD AGENA D DEB,Thu Aug 11 2067 04:41:27 GMT-0600 (Mountain Daylight Time),-19.8938757027161,-74.29527551640354
THORAD AGENA D DEB,Thu Aug 11 2067 04:46:27 GMT-0600 (Mountain Daylight Time),-36.45797632672375,-79.344439538071
THORAD AGENA D DEB,Thu Aug 11 2067 04:51:27 GMT-0600 (Mountain Daylight Time),-52.75192047681735,-86.47364488742537
THORAD AGENA D DEB,Thu Aug 11 2067 04:56:27 GMT-0600 (Mountain Daylight Time),-68.33536260603256,-100.56122815823352
THORAD AGENA D DEB,Thu Aug 11 2067 05:01:27 GMT-0600 (Mountain Daylight Time),-79.72225882498844,-150.5510886539645
THORAD AGENA D DEB,Thu Aug 11 2067 05:06:27 GMT-0600 (Mountain Daylight Time),-72.8809286335151,137.72329316462873
THORAD AGENA D DEB,Thu Aug 11 2067 05:11:27 GMT-0600 (Mountain Daylight Time),-57.85034867467657,118.00962909228623
THORAD AGENA D DEB,Thu Aug 11 2067 05:16:27 GMT-0600 (Mountain Daylight Time),-41.692934518122094,109.55803517789921
THORAD AGENA D DEB,Thu Aug 11 2067 05:21:27 GMT-0600 (Mountain Daylight Time),-25.185067966549322,104.05919439910721
THORAD AGENA D DEB,Thu Aug 11 2067 05:26:27 GMT-0600 (Mountain Daylight Time),-8.50410112252917,99.58728177615043
THORAD AGENA D DEB,Thu Aug 11 2067 05:31:27 GMT-0600 (Mountain Daylight Time),8.259567035078092,95.38138201953109
THORAD AGENA D DEB,Thu Aug 11 2067 05:36:27 GMT-0600 (Mountain Daylight Time),25.025032528719915,90.90008861513773
THORAD AGENA D DEB,Thu Aug 11 2067 05:41:27 GMT-0600 (Mountain Daylight Time),41.69198326596999,85.36747001161488
THORAD AGENA D DEB,Thu Aug 11 2067 05:46:27 GMT-0600 (Mountain Daylight Time),58.060671211961036,76.77975581833762
THORAD AGENA D DEB,Thu Aug 11 2067 05:51:27 GMT-0600 (Mountain Daylight Time),73.27369687084638,56.21114844541554
THORAD AGENA D DEB,Thu Aug 11 2067 05:56:27 GMT-0600 (Mountain Daylight Time),79.49821080836519,-18.62154033190805
THORAD AGENA D DEB,Thu Aug 11 2067 06:01:27 GMT-0600 (Mountain Daylight Time),67.39857158444264,-65.79575914742064
THORAD AGENA D DEB,Thu Aug 11 2067 06:06:27 GMT-0600 (Mountain Daylight Time),51.49483271493598,-79.20128853420236
THORAD AGENA D DEB,Thu Aug 11 2067 06:11:27 GMT-0600 (Mountain Daylight Time),34.97508900547394,-86.1278704065349
THORAD AGENA D DEB,Thu Aug 11 2067 06:16:27 GMT-0600 (Mountain Daylight Time),18.264822207468537,-91.09978182690573
THORAD AGENA D DEB,Thu Aug 11 2067 06:21:27 GMT-0600 (Mountain Daylight Time),1.5026707372969919,-95.39862262298409
THORAD AGENA D DEB,Thu Aug 11 2067 06:26:27 GMT-0600 (Mountain Daylight Time),-15.224352202395627,-99.64231668611305
THORAD AGENA D DEB,Thu Aug 11 2067 06:31:27 GMT-0600 (Mountain Daylight Time),-31.836692837446833,-104.40163098916119
THORAD AGENA D DEB,Thu Aug 11 2067 06:36:27 GMT-0600 (Mountain Daylight Time),-48.22700123368209,-110.71327123823632
THORAD AGENA D DEB,Thu Aug 11 2067 06:41:27 GMT-0600 (Mountain Daylight Time),-64.10684964048144,-121.80018445986116
THORAD AGENA D DEB,Thu Aug 11 2067 06:46:27 GMT-0600 (Mountain Daylight Time),-77.6742122457418,-155.15232931293784
THORAD AGENA D DEB,Thu Aug 11 2067 06:51:27 GMT-0600 (Mountain Daylight Time),-76.40065106093185,123.1947356004021
THORAD AGENA D DEB,Thu Aug 11 2067 06:56:27 GMT-0600 (Mountain Daylight Time),-62.250901375476616,95.02417430333155
THORAD AGENA D DEB,Thu Aug 11 2067 07:01:27 GMT-0600 (Mountain Daylight Time),-46.268486271694535,84.88255410786425
THORAD AGENA D DEB,Thu Aug 11 2067 07:06:27 GMT-0600 (Mountain Daylight Time),-29.832423540795375,78.85040366346078
THORAD AGENA D DEB,Thu Aug 11 2067 07:11:27 GMT-0600 (Mountain Daylight Time),-13.189161240937896,74.19018163504349
THORAD AGENA D DEB,Thu Aug 11 2067 07:16:27 GMT-0600 (Mountain Daylight Time),3.55970005587395,69.9651784124822
THORAD AGENA D DEB,Thu Aug 11 2067 07:21:27 GMT-0600 (Mountain Daylight Time),20.333666690900444,65.61979646887015
THORAD AGENA D DEB,Thu Aug 11 2067 07:26:27 GMT-0600 (Mountain Daylight Time),37.04148698131171,60.49780943917986
THORAD AGENA D DEB,Thu Aug 11 2067 07:31:27 GMT-0600 (Mountain Daylight Time),53.5290211887714,53.140569118188786
THORAD AGENA D DEB,Thu Aug 11 2067 07:36:27 GMT-0600 (Mountain Daylight Time),69.27603398414466,38.02980110505029
THORAD AGENA D DEB,Thu Aug 11 2067 07:41:27 GMT-0600 (Mountain Daylight Time),79.98535946334192,-18.087677072785056
THORAD AGENA D DEB,Thu Aug 11 2067 07:46:27 GMT-0600 (Mountain Daylight Time),71.53016481544314,-85.30359489236605
THORAD AGENA D DEB,Thu Aug 11 2067 07:51:27 GMT-0600 (Mountain Daylight Time),56.04812771199328,-103.09063079823115
THORAD AGENA D DEB,Thu Aug 11 2067 07:56:27 GMT-0600 (Mountain Daylight Time),39.63040673845736,-111.07464057092211
THORAD AGENA D DEB,Thu Aug 11 2067 08:01:27 GMT-0600 (Mountain Daylight Time),22.955293549474607,-116.40814534988847
THORAD AGENA D DEB,Thu Aug 11 2067 08:06:27 GMT-0600 (Mountain Daylight Time),6.19829771536196,-120.82074899601294
THORAD AGENA D DEB,Thu Aug 11 2067 08:11:27 GMT-0600 (Mountain Daylight Time),-10.546121393457343,-125.02761910411974
THORAD AGENA D DEB,Thu Aug 11 2067 08:16:27 GMT-0600 (Mountain Daylight Time),-27.198853030915803,-129.57134299790232
THORAD AGENA D DEB,Thu Aug 11 2067 08:21:27 GMT-0600 (Mountain Daylight Time),-43.66665306452011,-135.27870405283164
THORAD AGENA D DEB,Thu Aug 11 2067 08:26:27 GMT-0600 (Mountain Daylight Time),-59.7479380165691,-144.37651876736786
THORAD AGENA D DEB,Thu Aug 11 2067 08:31:27 GMT-0600 (Mountain Daylight Time),-74.45991262552111,-167.1752105812503
THORAD AGENA D DEB,Thu Aug 11 2067 08:36:27 GMT-0600 (Mountain Daylight Time),-79.03926641815822,115.2667772033778
THORAD AGENA D DEB,Thu Aug 11 2067 08:41:27 GMT-0600 (Mountain Daylight Time),-66.54441080198312,73.13519148092249
THORAD AGENA D DEB,Thu Aug 11 2067 08:46:27 GMT-0600 (Mountain Daylight Time),-50.8121200762894,60.490445624513875
THORAD AGENA D DEB,Thu Aug 11 2067 08:51:27 GMT-0600 (Mountain Daylight Time),-34.4642738812031,53.7414648791016
THORAD AGENA D DEB,Thu Aug 11 2067 08:56:27 GMT-0600 (Mountain Daylight Time),-17.86620845552568,48.825425943951906
THORAD AGENA D DEB,Thu Aug 11 2067 09:01:27 GMT-0600 (Mountain Daylight Time),-1.1383380021258034,44.540058859911355
THORAD AGENA D DEB,Thu Aug 11 2067 09:06:27 GMT-0600 (Mountain Daylight Time),15.637207434065335,40.28235098634621
THORAD AGENA D DEB,Thu Aug 11 2067 09:11:27 GMT-0600 (Mountain Daylight Time),32.37493121617544,35.46892805752002
THORAD AGENA D DEB,Thu Aug 11 2067 09:16:27 GMT-0600 (Mountain Daylight Time),48.949096120139856,28.994888058762523
THORAD AGENA D DEB,Thu Aug 11 2067 09:21:27 GMT-0600 (Mountain Daylight Time),65.01965089313921,17.271461718187716
THORAD AGENA D DEB,Thu Aug 11 2067 09:26:27 GMT-0600 (Mountain Daylight Time),78.38114749693555,-20.2683202288956
THORAD AGENA D DEB,Thu Aug 11 2067 09:31:27 GMT-0600 (Mountain Daylight Time),75.29593125885067,-101.31827511833177
THORAD AGENA D DEB,Thu Aug 11 2067 09:36:27 GMT-0600 (Mountain Daylight Time),60.54225125124247,-126.35345813575631
THORAD AGENA D DEB,Thu Aug 11 2067 09:41:27 GMT-0600 (Mountain Daylight Time),44.26717451442242,-135.83421286434836
THORAD AGENA D DEB,Thu Aug 11 2067 09:46:27 GMT-0600 (Mountain Daylight Time),27.639509462509753,-141.64894414399083
THORAD AGENA D DEB,Thu Aug 11 2067 09:51:27 GMT-0600 (Mountain Daylight Time),10.89479282739388,-146.22761288014337
THORAD AGENA D DEB,Thu Aug 11 2067 09:56:27 GMT-0600 (Mountain Daylight Time),-5.86093611489783,-150.43800449834902
THORAD AGENA D DEB,Thu Aug 11 2067 10:01:27 GMT-0600 (Mountain Daylight Time),-22.54710434261554,-154.82616043741487
THORAD AGENA D DEB,Thu Aug 11 2067 10:06:27 GMT-0600 (Mountain Daylight Time),-39.07869875526632,-160.08086966846784
THORAD AGENA D DEB,Thu Aug 11 2067 10:11:27 GMT-0600 (Mountain Daylight Time),-55.305543561085635,-167.80541671923893
THORAD AGENA D DEB,Thu Aug 11 2067 10:16:27 GMT-0600 (Mountain Daylight Time),-70.65049926671918,175.69060826266593
THORAD AGENA D DEB,Thu Aug 11 2067 10:21:27 GMT-0600 (Mountain Daylight Time),-80.07047808454216,114.39165416518472
THORAD AGENA D DEB,Thu Aug 11 2067 10:26:27 GMT-0600 (Mountain Daylight Time),-70.66330771302474,53.01696722265913
THORAD AGENA D DEB,Thu Aug 11 2067 10:31:27 GMT-0600 (Mountain Daylight Time),-55.31390231196267,36.49408538434888
THORAD AGENA D DEB,Thu Aug 11 2067 10:36:27 GMT-0600 (Mountain Daylight Time),-39.077596235032466,28.76455047974537
THORAD AGENA D DEB,Thu Aug 11 2067 10:41:27 GMT-0600 (Mountain Daylight Time),-22.53341058808724,23.507353574616012
THORAD AGENA D DEB,Thu Aug 11 2067 10:46:27 GMT-0600 (Mountain Daylight Time),-5.832806560802473,19.11704578021299
THORAD AGENA D DEB,Thu Aug 11 2067 10:51:27 GMT-0600 (Mountain Daylight Time),10.93777874686746,14.903829144258246
THORAD AGENA D DEB,Thu Aug 11 2067 10:56:27 GMT-0600 (Mountain Daylight Time),27.696237003285283,10.320263028473157
THORAD AGENA D DEB,Thu Aug 11 2067 11:01:27 GMT-0600 (Mountain Daylight Time),44.33490155062959,4.49475932078361
THORAD AGENA D DEB,Thu Aug 11 2067 11:06:27 GMT-0600 (Mountain Daylight Time),60.61575555537915,-5.01859333901212
THORAD AGENA D DEB,Thu Aug 11 2067 11:11:27 GMT-0600 (Mountain Daylight Time),75.35696539965254,-30.22156758666951
THORAD AGENA D DEB,Thu Aug 11 2067 11:16:27 GMT-0600 (Mountain Daylight Time),78.337578179792,-111.402958129378
THORAD AGENA D DEB,Thu Aug 11 2067 11:21:27 GMT-0600 (Mountain Daylight Time),64.9464223639311,-148.66474387341367
THORAD AGENA D DEB,Thu Aug 11 2067 11:26:27 GMT-0600 (Mountain Daylight Time),48.879155464814794,-160.3397846511817
THORAD AGENA D DEB,Thu Aug 11 2067 11:31:27 GMT-0600 (Mountain Daylight Time),32.31490489368928,-166.79970665195182
THORAD AGENA D DEB,Thu Aug 11 2067 11:36:27 GMT-0600 (Mountain Daylight Time),15.590347644807922,-171.6071776783272
THORAD AGENA D DEB,Thu Aug 11 2067 11:41:27 GMT-0600 (Mountain Daylight Time),-1.1704904834214003,-175.8616695773805
THORAD AGENA D DEB,Thu Aug 11 2067 11:46:27 GMT-0600 (Mountain Daylight Time),-17.883665870385013,179.85520744021204
THORAD AGENA D DEB,Thu Aug 11 2067 11:51:27 GMT-0600 (Mountain Daylight Time),-34.468511855395626,174.94144175662106
THORAD AGENA D DEB,Thu Aug 11 2067 11:56:27 GMT-0600 (Mountain Daylight Time),-50.805923743000996,168.1963365260075
THORAD AGENA D DEB,Thu Aug 11 2067 12:01:27 GMT-0600 (Mountain Daylight Time),-66.53204749480516,155.56372718834675
THORAD AGENA D DEB,Thu Aug 11 2067 12:06:27 GMT-0600 (Mountain Daylight Time),-79.03210534705153,113.49811682028367
THORAD AGENA D DEB,Thu Aug 11 2067 12:11:27 GMT-0600 (Mountain Daylight Time),-74.47214659936417,35.89764850960839
THORAD AGENA D DEB,Thu Aug 11 2067 12:16:27 GMT-0600 (Mountain Daylight Time),-59.75811825353859,13.067880147097718
THORAD AGENA D DEB,Thu Aug 11 2067 12:21:27 GMT-0600 (Mountain Daylight Time),-43.66846058553791,3.9633201855867966
THORAD AGENA D DEB,Thu Aug 11 2067 12:26:27 GMT-0600 (Mountain Daylight Time),-27.18878978274634,-1.746883967144603
THORAD AGENA D DEB,Thu Aug 11 2067 12:31:27 GMT-0600 (Mountain Daylight Time),-10.521986025854115,-6.2927384929382955
THORAD AGENA D DEB,Thu Aug 11 2067 12:36:27 GMT-0600 (Mountain Daylight Time),6.237325603707053,-10.502141981319742
THORAD AGENA D DEB,Thu Aug 11 2067 12:41:27 GMT-0600 (Mountain Daylight Time),23.008520697494394,-14.918847882628793
THORAD AGENA D DEB,Thu Aug 11 2067 12:46:27 GMT-0600 (Mountain Daylight Time),39.69555510310488,-20.260772650714834
THORAD AGENA D DEB,Thu Aug 11 2067 12:51:27 GMT-0600 (Mountain Daylight Time),56.1208969260239,-28.26770472046963
THORAD AGENA D DEB,Thu Aug 11 2067 12:56:27 GMT-0600 (Mountain Daylight Time),71.59926057178406,-46.15448349449826
THORAD AGENA D DEB,Thu Aug 11 2067 13:01:27 GMT-0600 (Mountain Daylight Time),79.97409046837112,-113.70761771028498
THORAD AGENA D DEB,Thu Aug 11 2067 13:06:27 GMT-0600 (Mountain Daylight Time),69.2047388995714,-169.45775277439856
THORAD AGENA D DEB,Thu Aug 11 2067 13:11:27 GMT-0600 (Mountain Daylight Time),53.45731406820092,175.5069707090348
THORAD AGENA D DEB,Thu Aug 11 2067 13:16:27 GMT-0600 (Mountain Daylight Time),36.97839909729835,168.16875466749565
THORAD AGENA D DEB,Thu Aug 11 2067 13:21:27 GMT-0600 (Mountain Daylight Time),20.28304825169179,163.05413739894618
THORAD AGENA D DEB,Thu Aug 11 2067 13:26:27 GMT-0600 (Mountain Daylight Time),3.523526097555238,158.71248671087204
THORAD AGENA D DEB,Thu Aug 11 2067 13:31:27 GMT-0600 (Mountain Daylight Time),-13.21048850304352,154.48989088331467
THORAD AGENA D DEB,Thu Aug 11 2067 13:36:27 GMT-0600 (Mountain Daylight Time),-29.839998159550795,149.83183301669862
THORAD AGENA D DEB,Thu Aug 11 2067 13:41:27 GMT-0600 (Mountain Daylight Time),-46.264751594767105,143.80283957143334
THORAD AGENA D DEB,Thu Aug 11 2067 13:46:27 GMT-0600 (Mountain Daylight Time),-62.23962429702486,133.6694768116522
THORAD AGENA D DEB,Thu Aug 11 2067 13:51:27 GMT-0600 (Mountain Daylight Time),-76.38942105075289,105.54071623291703
THORAD AGENA D DEB,Thu Aug 11 2067 13:56:27 GMT-0600 (Mountain Daylight Time),-77.68403471458521,23.899472301532654
THORAD AGENA D DEB,Thu Aug 11 2067 14:01:27 GMT-0600 (Mountain Daylight Time),-64.11844521468782,-9.504400787811448
THORAD AGENA D DEB,Thu Aug 11 2067 14:06:27 GMT-0600 (Mountain Daylight Time),-48.23146821793572,-20.600930438192098
THORAD AGENA D DEB,Thu Aug 11 2067 14:11:27 GMT-0600 (Mountain Daylight Time),-31.83010095137536,-26.915970326294172
THORAD AGENA D DEB,Thu Aug 11 2067 14:16:27 GMT-0600 (Mountain Daylight Time),-15.204152976244401,-31.677471364141212
THORAD AGENA D DEB,Thu Aug 11 2067 14:21:27 GMT-0600 (Mountain Daylight Time),1.5376873641552566,-35.923490324708794
THORAD AGENA D DEB,Thu Aug 11 2067 14:26:27 GMT-0600 (Mountain Daylight Time),18.314380352872153,-40.22582867867835
THORAD AGENA D DEB,Thu Aug 11 2067 14:31:27 GMT-0600 (Mountain Daylight Time),35.03735123105258,-45.204463133444676
THORAD AGENA D DEB,Thu Aug 11 2067 14:36:27 GMT-0600 (Mountain Daylight Time),51.56617675614994,-52.14775429218498
THORAD AGENA D DEB,Thu Aug 11 2067 14:41:27 GMT-0600 (Mountain Daylight Time),67.47114055714667,-65.6153180274492
THORAD AGENA D DEB,Thu Aug 11 2067 14:46:27 GMT-0600 (Mountain Daylight Time),79.52517241068944,-113.13210719452036
THORAD AGENA D DEB,Thu Aug 11 2067 14:51:27 GMT-0600 (Mountain Daylight Time),73.20740880985684,172.30138997674905
THORAD AGENA D DEB,Thu Aug 11 2067 14:56:27 GMT-0600 (Mountain Daylight Time),57.987773724083354,151.8568814546109
THORAD AGENA D DEB,Thu Aug 11 2067 15:01:27 GMT-0600 (Mountain Daylight Time),41.626111397274336,143.2956543974331
THORAD AGENA D DEB,Thu Aug 11 2067 15:06:27 GMT-0600 (Mountain Daylight Time),24.97080215684795,137.77234721019002
THORAD AGENA D DEB,Thu Aug 11 2067 15:11:27 GMT-0600 (Mountain Daylight Time),8.219403430773575,133.29546171955485
THORAD AGENA D DEB,Thu Aug 11 2067 15:16:27 GMT-0600 (Mountain Daylight Time),-8.529376428389675,129.0922096172723
THORAD AGENA D DEB,Thu Aug 11 2067 15:21:27 GMT-0600 (Mountain Daylight Time),-25.19615589556535,124.62243672494591
THORAD AGENA D DEB,Thu Aug 11 2067 15:26:27 GMT-0600 (Mountain Daylight Time),-41.691929934767636,119.12628774615636
THORAD AGENA D DEB,Thu Aug 11 2067 15:31:27 GMT-0600 (Mountain Daylight Time),-57.84062340794256,110.6806284356255
THORAD AGENA D DEB,Thu Aug 11 2067 15:36:27 GMT-0600 (Mountain Daylight Time),-72.86816487681273,90.992017381592
THORAD AGENA D DEB,Thu Aug 11 2067 15:41:27 GMT-0600 (Mountain Daylight Time),-79.72662571165152,19.327506549831728
THORAD AGENA D DEB,Thu Aug 11 2067 15:46:27 GMT-0600 (Mountain Daylight Time),-68.34784905643015,-30.73689750369787
THORAD AGENA D DEB,Thu Aug 11 2067 15:51:27 GMT-0600 (Mountain Daylight Time),-52.758768451506306,-44.83899205589231
THORAD AGENA D DEB,Thu Aug 11 2067 15:56:27 GMT-0600 (Mountain Daylight Time),-36.45467155667341,-51.972457139344264
THORAD AGENA D DEB,Thu Aug 11 2067 16:01:27 GMT-0600 (Mountain Daylight Time),-19.877525907072975,-57.023955828633476
THORAD AGENA D DEB,Thu Aug 11 2067 16:06:27 GMT-0600 (Mountain Daylight Time),-3.1593672018977554,-61.34898747371817
THORAD AGENA D DEB,Thu Aug 11 2067 16:11:27 GMT-0600 (Mountain Daylight Time),13.61607172050015,-65.58268319390844
THORAD AGENA D DEB,Thu Aug 11 2067 16:16:27 GMT-0600 (Mountain Daylight Time),30.36488091939285,-70.28891581639579
THORAD AGENA D DEB,Thu Aug 11 2067 16:21:27 GMT-0600 (Mountain Daylight Time),46.96996098324537,-76.46054322930574
THORAD AGENA D DEB,Thu Aug 11 2067 16:26:27 GMT-0600 (Mountain Daylight Time),63.14183478792922,-87.12488753821732
THORAD AGENA D DEB,Thu Aug 11 2067 16:31:27 GMT-0600 (Mountain Daylight Time),77.20821186010207,-118.59581836247126
THORAD AGENA D DEB,Thu Aug 11 2067 16:36:27 GMT-0600 (Mountain Daylight Time),76.72280193150215,158.4856969763253
THORAD AGENA D DEB,Thu Aug 11 2067 16:41:27 GMT-0600 (Mountain Daylight Time),62.44791497023241,128.95232186609314
THORAD AGENA D DEB,Thu Aug 11 2067 16:46:27 GMT-0600 (Mountain Daylight Time),46.2528709817487,118.63549046074398
THORAD AGENA D DEB,Thu Aug 11 2067 16:51:27 GMT-0600 (Mountain Daylight Time),29.651254656415517,112.5671126634916
THORAD AGENA D DEB,Thu Aug 11 2067 16:56:27 GMT-0600 (Mountain Daylight Time),12.915386804769978,107.89873670505166
THORAD AGENA D DEB,Thu Aug 11 2067 17:01:27 GMT-0600 (Mountain Daylight Time),-3.842051780926413,103.67465582100698
THORAD AGENA D DEB,Thu Aug 11 2067 17:06:27 GMT-0600 (Mountain Daylight Time),-20.5394136278938,99.33773448484754
THORAD AGENA D DEB,Thu Aug 11 2067 17:11:27 GMT-0600 (Mountain Daylight Time),-37.094070476023994,94.24209547727476
THORAD AGENA D DEB,Thu Aug 11 2067 17:16:27 GMT-0600 (Mountain Daylight Time),-53.37125843111489,86.97924698338431
THORAD AGENA D DEB,Thu Aug 11 2067 17:21:27 GMT-0600 (Mountain Daylight Time),-68.90198432828997,72.36584989894172
THORAD AGENA D DEB,Thu Aug 11 2067 17:26:27 GMT-0600 (Mountain Daylight Time),-79.86828121636333,19.68205270668156
THORAD AGENA D DEB,Thu Aug 11 2067 17:31:27 GMT-0600 (Mountain Daylight Time),-72.35593914586526,-49.75782103070657
THORAD AGENA D DEB,Thu Aug 11 2067 17:36:27 GMT-0600 (Mountain Daylight Time),-57.23833050661525,-68.61577289374908
THORAD AGENA D DEB,Thu Aug 11 2067 17:41:27 GMT-0600 (Mountain Daylight Time),-41.0591447628894,-76.87979046790294
THORAD AGENA D DEB,Thu Aug 11 2067 17:46:27 GMT-0600 (Mountain Daylight Time),-24.54021501766785,-82.31677807291653
THORAD AGENA D DEB,Thu Aug 11 2067 17:51:27 GMT-0600 (Mountain Daylight Time),-7.852114454498831,-86.76763547396756
THORAD AGENA D DEB,Thu Aug 11 2067 17:56:27 GMT-0600 (Mountain Daylight Time),8.915638178790152,-90.97451347043513
THORAD AGENA D DEB,Thu Aug 11 2067 18:01:27 GMT-0600 (Mountain Daylight Time),25.681673032786684,-95.47954008976596
THORAD AGENA D DEB,Thu Aug 11 2067 18:06:27 GMT-0600 (Mountain Daylight Time),42.343818618296325,-101.08027111005849
THORAD AGENA D DEB,Thu Aug 11 2067 18:11:27 GMT-0600 (Mountain Daylight Time),58.69370994889005,-109.87910044163247
THORAD AGENA D DEB,Thu Aug 11 2067 18:16:27 GMT-0600 (Mountain Daylight Time),73.80535170649297,-131.46675893030815
THORAD AGENA D DEB,Thu Aug 11 2067 18:21:27 GMT-0600 (Mountain Daylight Time),79.26264032650865,151.73721039459576
THORAD AGENA D DEB,Thu Aug 11 2067 18:26:27 GMT-0600 (Mountain Daylight Time),66.79833693014831,107.20333622756738
THORAD AGENA D DEB,Thu Aug 11 2067 18:31:27 GMT-0600 (Mountain Daylight Time),50.85141377685789,94.26675348760982
THORAD AGENA D DEB,Thu Aug 11 2067 18:36:27 GMT-0600 (Mountain Daylight Time),34.32165549966492,87.46347288074098
THORAD AGENA D DEB,Thu Aug 11 2067 18:41:27 GMT-0600 (Mountain Daylight Time),17.60962800507505,82.53491466813276
THORAD AGENA D DEB,Thu Aug 11 2067 18:46:27 GMT-0600 (Mountain Daylight Time),0.8498030267329673,78.24865255786311
THORAD AGENA D DEB,Thu Aug 11 2067 18:51:27 GMT-0600 (Mountain Daylight Time),-15.871859231234867,73.99702274424008
THORAD AGENA D DEB,Thu Aug 11 2067 18:56:27 GMT-0600 (Mountain Daylight Time),-32.47582630299955,69.20291536454324
THORAD AGENA D DEB,Thu Aug 11 2067 19:01:27 GMT-0600 (Mountain Daylight Time),-48.85239062038732,62.79353265365374
THORAD AGENA D DEB,Thu Aug 11 2067 19:06:27 GMT-0600 (Mountain Daylight Time),-64.69720668977736,51.36656639809972
THORAD AGENA D DEB,Thu Aug 11 2067 19:11:27 GMT-0600 (Mountain Daylight Time),-78.04156144392365,16.10586742443722
THORAD AGENA D DEB,Thu Aug 11 2067 19:16:27 GMT-0600 (Mountain Daylight Time),-75.95615995418079,-64.98544988472067
THORAD AGENA D DEB,Thu Aug 11 2067 19:21:27 GMT-0600 (Mountain Daylight Time),-61.650674386163374,-91.71741838828467
THORAD AGENA D DEB,Thu Aug 11 2067 19:26:27 GMT-0600 (Mountain Daylight Time),-45.63904020142967,-101.58764503297657
THORAD AGENA D DEB,Thu Aug 11 2067 19:31:27 GMT-0600 (Mountain Daylight Time),-29.190143956405734,-107.53718391029939
THORAD AGENA D DEB,Thu Aug 11 2067 19:36:27 GMT-0600 (Mountain Daylight Time),-12.538831884784107,-112.16808550765462
THORAD AGENA D DEB,Thu Aug 11 2067 19:41:27 GMT-0600 (Mountain Daylight Time),4.214979602672754,-116.38845675938357
THORAD AGENA D DEB,Thu Aug 11 2067 19:46:27 GMT-0600 (Mountain Daylight Time),20.990595123763267,-120.75022930776954
THORAD AGENA D DEB,Thu Aug 11 2067 19:51:27 GMT-0600 (Mountain Daylight Time),37.69547707285001,-125.92347218579059
THORAD AGENA D DEB,Thu Aug 11 2067 19:56:27 GMT-0600 (Mountain Daylight Time),54.170099042662265,-133.429999567756
THORAD AGENA D DEB,Thu Aug 11 2067 20:01:27 GMT-0600 (Mountain Daylight Time),69.8587197652254,-149.1569472003283
THORAD AGENA D DEB,Thu Aug 11 2067 20:06:27 GMT-0600 (Mountain Daylight Time),80.05034590224636,151.82721156274084
THORAD AGENA D DEB,Thu Aug 11 2067 20:11:27 GMT-0600 (Mountain Daylight Time),70.96506486350098,87.34054444723279
THORAD AGENA D DEB,Thu Aug 11 2067 20:16:27 GMT-0600 (Mountain Daylight Time),55.41095650416428,70.30697679437947
THORAD AGENA D DEB,Thu Aug 11 2067 20:21:27 GMT-0600 (Mountain Daylight Time),38.97862366284406,62.494425697011835
THORAD AGENA D DEB,Thu Aug 11 2067 20:26:27 GMT-0600 (Mountain Daylight Time),22.300143776749973,57.218495623825426
THORAD AGENA D DEB,Thu Aug 11 2067 20:31:27 GMT-0600 (Mountain Daylight Time),5.544495890641529,52.82518323236907
THORAD AGENA D DEB,Thu Aug 11 2067 20:36:27 GMT-0600 (Mountain Daylight Time),-11.1953711636488,48.61607765797337
THORAD AGENA D DEB,Thu Aug 11 2067 20:41:27 GMT-0600 (Mountain Daylight Time),-27.840649763436396,44.04681723593487
THORAD AGENA D DEB,Thu Aug 11 2067 20:46:27 GMT-0600 (Mountain Daylight Time),-44.29679309263105,38.26673620343246
THORAD AGENA D DEB,Thu Aug 11 2067 20:51:27 GMT-0600 (Mountain Daylight Time),-60.35301071162476,28.938962485403902
THORAD AGENA D DEB,Thu Aug 11 2067 20:56:27 GMT-0600 (Mountain Daylight Time),-74.94591258635057,4.994688685698441
THORAD AGENA D DEB,Thu Aug 11 2067 21:01:27 GMT-0600 (Mountain Daylight Time),-78.7538622613966,-73.95854702173702
THORAD AGENA D DEB,Thu Aug 11 2067 21:06:27 GMT-0600 (Mountain Daylight Time),-65.96226945863441,-113.78833365309588
THORAD AGENA D DEB,Thu Aug 11 2067 21:11:27 GMT-0600 (Mountain Daylight Time),-50.18804860880158,-126.02428799934947
THORAD AGENA D DEB,Thu Aug 11 2067 21:16:27 GMT-0600 (Mountain Daylight Time),-33.82490607012277,-132.66149990419584
THORAD AGENA D DEB,Thu Aug 11 2067 21:21:27 GMT-0600 (Mountain Daylight Time),-17.217770386021147,-137.53801243044543
THORAD AGENA D DEB,Thu Aug 11 2067 21:26:27 GMT-0600 (Mountain Daylight Time),-0.48410365890650087,-141.8128796209726
THORAD AGENA D DEB,Thu Aug 11 2067 21:31:27 GMT-0600 (Mountain Daylight Time),16.29408558659797,-146.08059325026804
THORAD AGENA D DEB,Thu Aug 11 2067 21:36:27 GMT-0600 (Mountain Daylight Time),33.03039096072609,-150.9325326697486
THORAD AGENA D DEB,Thu Aug 11 2067 21:41:27 GMT-0600 (Mountain Daylight Time),49.59560696525504,-157.51502690304736
THORAD AGENA D DEB,Thu Aug 11 2067 21:46:27 GMT-0600 (Mountain Daylight Time),65.63004700533277,-169.6301439099232
THORAD AGENA D DEB,Thu Aug 11 2067 21:51:27 GMT-0600 (Mountain Daylight Time),78.71292959651129,150.56173223757466
THORAD AGENA D DEB,Thu Aug 11 2067 21:56:27 GMT-0600 (Mountain Daylight Time),74.79786224666965,70.70836349429759
THORAD AGENA D DEB,Thu Aug 11 2067 22:01:27 GMT-0600 (Mountain Daylight Time),59.914514643711826,46.939964038377774
THORAD AGENA D DEB,Thu Aug 11 2067 22:06:27 GMT-0600 (Mountain Daylight Time),43.61779592939992,37.70494792583049
THORAD AGENA D DEB,Thu Aug 11 2067 22:11:27 GMT-0600 (Mountain Daylight Time),26.984751567574726,31.966888818150263
THORAD AGENA D DEB,Thu Aug 11 2067 22:16:27 GMT-0600 (Mountain Daylight Time),10.240300992854143,27.415377252776633
THORAD AGENA D DEB,Thu Aug 11 2067 22:21:27 GMT-0600 (Mountain Daylight Time),-6.511701996988274,23.208326958246932
THORAD AGENA D DEB,Thu Aug 11 2067 22:26:27 GMT-0600 (Mountain Daylight Time),-23.191261281167677,18.802258864019567
THORAD AGENA D DEB,Thu Aug 11 2067 22:31:27 GMT-0600 (Mountain Daylight Time),-39.712726499993906,13.492924775495206
THORAD AGENA D DEB,Thu Aug 11 2067 22:36:27 GMT-0600 (Mountain Daylight Time),-55.92049186799169,5.607055412129129
THORAD AGENA D DEB,Thu Aug 11 2067 22:41:27 GMT-0600 (Mountain Daylight Time),-71.1964555029595,-11.585582050163218
THORAD AGENA D DEB,Thu Aug 11 2067 22:46:27 GMT-0600 (Mountain Daylight Time),-80.05050981738134,-75.56410398672436
THORAD AGENA D DEB,Thu Aug 11 2067 22:51:27 GMT-0600 (Mountain Daylight Time),-70.11134100363351,-134.2063467306731
THORAD AGENA D DEB,Thu Aug 11 2067 22:56:27 GMT-0600 (Mountain Daylight Time),-54.696799432709575,-150.08356567294592
THORAD AGENA D DEB,Thu Aug 11 2067 23:01:27 GMT-0600 (Mountain Daylight Time),-38.44156873017183,-157.6587940707971
THORAD AGENA D DEB,Thu Aug 11 2067 23:06:27 GMT-0600 (Mountain Daylight Time),-21.8871144419467,-162.86337666940912
THORAD AGENA D DEB,Thu Aug 11 2067 23:11:27 GMT-0600 (Mountain Daylight Time),-5.179860428715288,-167.23672340703385
THORAD AGENA D DEB,Thu Aug 11 2067 23:16:27 GMT-0600 (Mountain Daylight Time),11.594296875490077,-171.45411725654125
THORAD AGENA D DEB,Thu Aug 11 2067 23:21:27 GMT-0600 (Mountain Daylight Time),28.352638887328002,-176.06622570961264
THORAD AGENA D DEB,Thu Aug 11 2067 23:26:27 GMT-0600 (Mountain Daylight Time),44.98518516671495,178.02792515522776
THORAD AGENA D DEB,Thu Aug 11 2067 23:31:27 GMT-0600 (Mountain Daylight Time),61.242450780543095,168.25339125918822
THORAD AGENA D DEB,Thu Aug 11 2067 23:36:27 GMT-0600 (Mountain Daylight Time),75.83970687746722,141.67167143596356
THORAD AGENA D DEB,Thu Aug 11 2067 23:41:27 GMT-0600 (Mountain Daylight Time),77.97466583166363,59.61586469002958
THORAD AGENA D DEB,Thu Aug 11 2067 23:46:27 GMT-0600 (Mountain Daylight Time),64.33362521422397,24.467522867547586
THORAD AGENA D DEB,Thu Aug 11 2067 23:51:27 GMT-0600 (Mountain Daylight Time),48.23323735644104,13.158497232651412
THORAD AGENA D DEB,Thu Aug 11 2067 23:56:27 GMT-0600 (Mountain Daylight Time),31.660947105048283,6.801811778954165
THORAD AGENA D DEB,Fri Aug 12 2067 00:01:27 GMT-0600 (Mountain Daylight Time),14.935433737207683,2.0311128507727187
THORAD AGENA D DEB,Fri Aug 12 2067 00:06:27 GMT-0600 (Mountain Daylight Time),-1.822552205977453,-2.2142839792496494
THORAD AGENA D DEB,Fri Aug 12 2067 00:11:27 GMT-0600 (Mountain Daylight Time),-18.529923240801928,-6.508762806586662
THORAD AGENA D DEB,Fri Aug 12 2067 00:16:27 GMT-0600 (Mountain Daylight Time),-35.10583411407256,-11.463600714151111
THORAD AGENA D DEB,Fri Aug 12 2067 00:21:27 GMT-0600 (Mountain Daylight Time),-51.427971470092736,-18.325173443641887
THORAD AGENA D DEB,Fri Aug 12 2067 00:26:27 GMT-0600 (Mountain Daylight Time),-67.11036741154385,-31.39087982413011
THORAD AGENA D DEB,Fri Aug 12 2067 00:31:27 GMT-0600 (Mountain Daylight Time),-79.28772361960695,-75.87137546195922
THORAD AGENA D DEB,Fri Aug 12 2067 00:36:27 GMT-0600 (Mountain Daylight Time),-73.975300647008,-151.84057587940958
THORAD AGENA D DEB,Fri Aug 12 2067 00:41:27 GMT-0600 (Mountain Daylight Time),-59.150582336852615,-173.6017276925955
THORAD AGENA D DEB,Fri Aug 12 2067 00:46:27 GMT-0600 (Mountain Daylight Time),-43.036356724952185,177.5127206581468
THORAD AGENA D DEB,Fri Aug 12 2067 00:51:27 GMT-0600 (Mountain Daylight Time),-26.54490109990506,171.87251691105473
THORAD AGENA D DEB,Fri Aug 12 2067 00:56:27 GMT-0600 (Mountain Daylight Time),-9.870564939135368,167.35108951730905
THORAD AGENA D DEB,Fri Aug 12 2067 01:01:27 GMT-0600 (Mountain Daylight Time),6.893205587954648,163.14311154044248
THORAD AGENA D DEB,Fri Aug 12 2067 01:06:27 GMT-0600 (Mountain Daylight Time),23.66543458207804,158.70597503497413
THORAD AGENA D DEB,Fri Aug 12 2067 01:11:27 GMT-0600 (Mountain Daylight Time),40.3484882071615,153.30379796401493
THORAD AGENA D DEB,Fri Aug 12 2067 01:16:27 GMT-0600 (Mountain Daylight Time),56.75783901569475,145.11563579744353
THORAD AGENA D DEB,Fri Aug 12 2067 01:21:27 GMT-0600 (Mountain Daylight Time),72.15693249468973,126.41246181616698
THORAD AGENA D DEB,Fri Aug 12 2067 01:26:27 GMT-0600 (Mountain Daylight Time),79.8601812151957,56.2834326758042
THORAD AGENA D DEB,Fri Aug 12 2067 01:31:27 GMT-0600 (Mountain Daylight Time),68.61714161990554,3.412025683905013
THORAD AGENA D DEB,Fri Aug 12 2067 01:36:27 GMT-0600 (Mountain Daylight Time),52.81639923349788,-11.052039644806403
THORAD AGENA D DEB,Fri Aug 12 2067 01:41:27 GMT-0600 (Mountain Daylight Time),36.32574109183572,-18.248662834758214
THORAD AGENA D DEB,Fri Aug 12 2067 01:46:27 GMT-0600 (Mountain Daylight Time),19.62799738479661,-23.314298870776145
THORAD AGENA D DEB,Fri Aug 12 2067 01:51:27 GMT-0600 (Mountain Daylight Time),2.8703943152039875,-27.640597477214005
THORAD AGENA D DEB,Fri Aug 12 2067 01:56:27 GMT-0600 (Mountain Daylight Time),-13.8586107680187,-31.868638214232014
THORAD AGENA D DEB,Fri Aug 12 2067 02:01:27 GMT-0600 (Mountain Daylight Time),-30.480180893283634,-36.557252436788154
THORAD AGENA D DEB,Fri Aug 12 2067 02:06:27 GMT-0600 (Mountain Daylight Time),-46.892205679646956,-42.672132229435874
THORAD AGENA D DEB,Fri Aug 12 2067 02:11:27 GMT-0600 (Mountain Daylight Time),-62.83704689515776,-53.091287623322756
THORAD AGENA D DEB,Fri Aug 12 2067 02:16:27 GMT-0600 (Mountain Daylight Time),-76.81806375444484,-82.76108469101696
THORAD AGENA D DEB,Fri Aug 12 2067 02:21:27 GMT-0600 (Mountain Daylight Time),-77.29555668288985,-164.70033727957536
THORAD AGENA D DEB,Fri Aug 12 2067 02:26:27 GMT-0600 (Mountain Daylight Time),-63.52496200144959,163.68585972709133
THORAD AGENA D DEB,Fri Aug 12 2067 02:31:27 GMT-0600 (Mountain Daylight Time),-47.60410976661904,152.91142654171568
THORAD AGENA D DEB,Fri Aug 12 2067 02:36:27 GMT-0600 (Mountain Daylight Time),-31.18892488388488,146.69031390563794
THORAD AGENA D DEB,Fri Aug 12 2067 02:41:27 GMT-0600 (Mountain Daylight Time),-14.554492205992561,141.96225092850307
THORAD AGENA D DEB,Fri Aug 12 2067 02:46:27 GMT-0600 (Mountain Daylight Time),2.1926690615653746,137.72334052152934
THORAD AGENA D DEB,Fri Aug 12 2067 02:51:27 GMT-0600 (Mountain Daylight Time),18.97143355003911,133.40744965935983
THORAD AGENA D DEB,Fri Aug 12 2067 02:56:27 GMT-0600 (Mountain Daylight Time),35.692129327071335,128.38344453280865
THORAD AGENA D DEB,Fri Aug 12 2067 03:01:27 GMT-0600 (Mountain Daylight Time),52.209891671595436,121.31038376077987
THORAD AGENA D DEB,Fri Aug 12 2067 03:06:27 GMT-0600 (Mountain Daylight Time),68.06768112198782,107.33877659399224
THORAD AGENA D DEB,Fri Aug 12 2067 03:11:27 GMT-0600 (Mountain Daylight Time),79.71806968051656,57.06807078833573
THORAD AGENA D DEB,Fri Aug 12 2067 03:16:27 GMT-0600 (Mountain Daylight Time),72.66571381786797,-15.278274979324209
THORAD AGENA D DEB,Fri Aug 12 2067 03:21:27 GMT-0600 (Mountain Daylight Time),57.35426726679664,-34.78504493226784
THORAD AGENA D DEB,Fri Aug 12 2067 03:26:27 GMT-0600 (Mountain Daylight Time),40.97539408724754,-43.146995793749625
THORAD AGENA D DEB,Fri Aug 12 2067 03:31:27 GMT-0600 (Mountain Daylight Time),24.31593308912996,-48.605252200972664
THORAD AGENA D DEB,Fri Aug 12 2067 03:36:27 GMT-0600 (Mountain Daylight Time),7.565443872467278,-53.05963868516995
THORAD AGENA D DEB,Fri Aug 12 2067 03:41:27 GMT-0600 (Mountain Daylight Time),-9.179139683452142,-57.26272833271201
THORAD AGENA D DEB,Fri Aug 12 2067 03:46:27 GMT-0600 (Mountain Daylight Time),-25.83885543039036,-61.754586865491696
THORAD AGENA D DEB,Fri Aug 12 2067 03:51:27 GMT-0600 (Mountain Daylight Time),-42.323711402856524,-67.31496209747277
THORAD AGENA D DEB,Fri Aug 12 2067 03:56:27 GMT-0600 (Mountain Daylight Time),-58.45031368747469,-75.9571696957089
THORAD AGENA D DEB,Fri Aug 12 2067 04:01:27 GMT-0600 (Mountain Daylight Time),-73.38485391238846,-96.56155467662131
THORAD AGENA D DEB,Fri Aug 12 2067 04:06:27 GMT-0600 (Mountain Daylight Time),-79.54452313175418,-170.3330304149262
THORAD AGENA D DEB,Fri Aug 12 2067 04:11:27 GMT-0600 (Mountain Daylight Time),-67.77668690482274,142.22910835165587
THORAD AGENA D DEB,Fri Aug 12 2067 04:16:27 GMT-0600 (Mountain Daylight Time),-52.13739013633023,128.62186030885107
THORAD AGENA D DEB,Fri Aug 12 2067 04:21:27 GMT-0600 (Mountain Daylight Time),-35.81658744533704,121.61647558257248
THORAD AGENA D DEB,Fri Aug 12 2067 04:26:27 GMT-0600 (Mountain Daylight Time),-19.229865752432143,116.60972586089085
THORAD AGENA D DEB,Fri Aug 12 2067 04:31:27 GMT-0600 (Mountain Daylight Time),-2.5055378862092454,112.29788342842875
THORAD AGENA D DEB,Fri Aug 12 2067 04:36:27 GMT-0600 (Mountain Daylight Time),14.272941782289617,108.05673751323094
THORAD AGENA D DEB,Fri Aug 12 2067 04:41:27 GMT-0600 (Mountain Daylight Time),31.020895910769674,103.3165515876338
THORAD AGENA D DEB,Fri Aug 12 2067 04:46:27 GMT-0600 (Mountain Daylight Time),47.618319490857196,97.04976986071345
THORAD AGENA D DEB,Fri Aug 12 2067 04:51:27 GMT-0600 (Mountain Daylight Time),63.76025082353761,86.05809230711296
THORAD AGENA D DEB,Fri Aug 12 2067 04:56:27 GMT-0600 (Mountain Daylight Time),77.61764563327651,52.732078346356346
THORAD AGENA D DEB,Fri Aug 12 2067 05:01:27 GMT-0600 (Mountain Daylight Time),76.27146147579747,-29.87146417633027
THORAD AGENA D DEB,Fri Aug 12 2067 05:06:27 GMT-0600 (Mountain Daylight Time),61.82581768970128,-57.814499963258385
THORAD AGENA D DEB,Fri Aug 12 2067 05:11:27 GMT-0600 (Mountain Daylight Time),45.60495907789093,-67.84126965503923
THORAD AGENA D DEB,Fri Aug 12 2067 05:16:27 GMT-0600 (Mountain Daylight Time),28.996941539279387,-73.8226893517792
THORAD AGENA D DEB,Fri Aug 12 2067 05:21:27 GMT-0600 (Mountain Daylight Time),12.260849234619878,-78.46003569316444
THORAD AGENA D DEB,Fri Aug 12 2067 05:26:27 GMT-0600 (Mountain Daylight Time),-4.493235455512007,-82.67834089063051
THORAD AGENA D DEB,Fri Aug 12 2067 05:31:27 GMT-0600 (Mountain Daylight Time),-21.18435154951407,-87.03024418572653
THORAD AGENA D DEB,Fri Aug 12 2067 05:36:27 GMT-0600 (Mountain Daylight Time),-37.72945372147561,-92.17420661514332
THORAD AGENA D DEB,Fri Aug 12 2067 05:41:27 GMT-0600 (Mountain Daylight Time),-53.98943525084624,-99.57678702306475
THORAD AGENA D DEB,Fri Aug 12 2067 05:46:27 GMT-0600 (Mountain Daylight Time),-69.46413042309415,-114.75051854093851
THORAD AGENA D DEB,Fri Aug 12 2067 05:51:27 GMT-0600 (Mountain Daylight Time),-79.97566762573786,-170.1729708606145
THORAD AGENA D DEB,Fri Aug 12 2067 05:56:27 GMT-0600 (Mountain Daylight Time),-71.82348782330608,122.83088750987753
THORAD AGENA D DEB,Fri Aug 12 2067 06:01:27 GMT-0600 (Mountain Daylight Time),-56.62489216583614,104.77131388634423
THORAD AGENA D DEB,Fri Aug 12 2067 06:06:27 GMT-0600 (Mountain Daylight Time),-40.424636956586724,96.68607553836839
THORAD AGENA D DEB,Fri Aug 12 2067 06:11:27 GMT-0600 (Mountain Daylight Time),-23.89481018781119,91.30856672953777
THORAD AGENA D DEB,Fri Aug 12 2067 06:16:27 GMT-0600 (Mountain Daylight Time),-7.199676063040406,86.87773794717384
THORAD AGENA D DEB,Fri Aug 12 2067 06:21:27 GMT-0600 (Mountain Daylight Time),9.572032890995517,82.66910310927693
THORAD AGENA D DEB,Fri Aug 12 2067 06:26:27 GMT-0600 (Mountain Daylight Time),26.338441298637484,78.13920790165791
THORAD AGENA D DEB,Fri Aug 12 2067 06:31:27 GMT-0600 (Mountain Daylight Time),42.99542870458155,72.46754782346089
THORAD AGENA D DEB,Fri Aug 12 2067 06:36:27 GMT-0600 (Mountain Daylight Time),59.32539053291698,63.4464561479129
THORAD AGENA D DEB,Fri Aug 12 2067 06:41:27 GMT-0600 (Mountain Daylight Time),74.32666656367816,40.761326155301155
THORAD AGENA D DEB,Fri Aug 12 2067 06:46:27 GMT-0600 (Mountain Daylight Time),78.99175862114186,-37.74859987278245
THORAD AGENA D DEB,Fri Aug 12 2067 06:51:27 GMT-0600 (Mountain Daylight Time),66.19476914597408,-79.7608866778055
THORAD AGENA D DEB,Fri Aug 12 2067 06:56:27 GMT-0600 (Mountain Daylight Time),50.207538437365436,-92.2570969135409
THORAD AGENA D DEB,Fri Aug 12 2067 07:01:27 GMT-0600 (Mountain Daylight Time),33.6683380252497,-98.94246382976625
THORAD AGENA D DEB,Fri Aug 12 2067 07:06:27 GMT-0600 (Mountain Daylight Time),16.954781959031834,-103.82938895509548
THORAD AGENA D DEB,Fri Aug 12 2067 07:11:27 GMT-0600 (Mountain Daylight Time),0.1974223122819933,-108.10394795462285
THORAD AGENA D DEB,Fri Aug 12 2067 07:16:27 GMT-0600 (Mountain Daylight Time),-16.518791156023354,-112.36432996444151
THORAD AGENA D DEB,Fri Aug 12 2067 07:21:27 GMT-0600 (Mountain Daylight Time),-33.114290576712136,-117.19466596080922
THORAD AGENA D DEB,Fri Aug 12 2067 07:26:27 GMT-0600 (Mountain Daylight Time),-49.476827918967594,-123.70594740111969
THORAD AGENA D DEB,Fri Aug 12 2067 07:31:27 GMT-0600 (Mountain Daylight Time),-65.28483969952454,-135.49288228050287
THORAD AGENA D DEB,Fri Aug 12 2067 07:36:27 GMT-0600 (Mountain Daylight Time),-78.38533844624742,-172.78666725443085
THORAD AGENA D DEB,Fri Aug 12 2067 07:41:27 GMT-0600 (Mountain Daylight Time),-75.49705287812166,106.95277694585636
THORAD AGENA D DEB,Fri Aug 12 2067 07:46:27 GMT-0600 (Mountain Daylight Time),-61.04843826486937,81.56000175738457
THORAD AGENA D DEB,Fri Aug 12 2067 07:51:27 GMT-0600 (Mountain Daylight Time),-45.008776803815934,71.94718033412215
THORAD AGENA D DEB,Fri Aug 12 2067 07:56:27 GMT-0600 (Mountain Daylight Time),-28.547277479256078,66.07698948313107
THORAD AGENA D DEB,Fri Aug 12 2067 08:01:27 GMT-0600 (Mountain Daylight Time),-11.888018649619086,61.47417225397406
THORAD AGENA D DEB,Fri Aug 12 2067 08:06:27 GMT-0600 (Mountain Daylight Time),4.870621536709488,57.257646847416005
THORAD AGENA D DEB,Fri Aug 12 2067 08:11:27 GMT-0600 (Mountain Daylight Time),21.64771423109759,52.87852228217711
THORAD AGENA D DEB,Fri Aug 12 2067 08:16:27 GMT-0600 (Mountain Daylight Time),38.34936703456807,47.651937902369404
THORAD AGENA D DEB,Fri Aug 12 2067 08:21:27 GMT-0600 (Mountain Daylight Time),54.81032191436853,39.98893367064294
THORAD AGENA D DEB,Fri Aug 12 2067 08:26:27 GMT-0600 (Mountain Daylight Time),70.43604011947997,23.602472028989112
THORAD AGENA D DEB,Fri Aug 12 2067 08:31:27 GMT-0600 (Mountain Daylight Time),80.07092383852795,-38.29028182571635
THORAD AGENA D DEB,Fri Aug 12 2067 08:36:27 GMT-0600 (Mountain Daylight Time),70.39375716662516,-99.9526187488076
THORAD AGENA D DEB,Fri Aug 12 2067 08:41:27 GMT-0600 (Mountain Daylight Time),54.7729723304893,-116.28372467917644
THORAD AGENA D DEB,Fri Aug 12 2067 08:46:27 GMT-0600 (Mountain Daylight Time),38.326851497930136,-123.93290251322412
THORAD AGENA D DEB,Fri Aug 12 2067 08:51:27 GMT-0600 (Mountain Daylight Time),21.645293093358465,-129.1535201254899
THORAD AGENA D DEB,Fri Aug 12 2067 08:56:27 GMT-0600 (Mountain Daylight Time),4.891148803280903,-133.5285445573058
THORAD AGENA D DEB,Fri Aug 12 2067 09:01:27 GMT-0600 (Mountain Daylight Time),-11.844064320870244,-137.7406623933194
THORAD AGENA D DEB,Fri Aug 12 2067 09:06:27 GMT-0600 (Mountain Daylight Time),-28.481809581994302,-142.33661913276038
THORAD AGENA D DEB,Fri Aug 12 2067 09:11:27 GMT-0600 (Mountain Daylight Time),-44.92610682543036,-148.19236656402865
THORAD AGENA D DEB,Fri Aug 12 2067 09:16:27 GMT-0600 (Mountain Daylight Time),-60.95625948331934,-157.7621881987706
THORAD AGENA D DEB,Fri Aug 12 2067 09:21:27 GMT-0600 (Mountain Daylight Time),-75.42001099919744,177.0625854497272
THORAD AGENA D DEB,Fri Aug 12 2067 09:26:27 GMT-0600 (Mountain Daylight Time),-78.44014725984265,96.96892077289425
THORAD AGENA D DEB,Fri Aug 12 2067 09:31:27 GMT-0600 (Mountain Daylight Time),-65.37702390331012,59.318525241168196
THORAD AGENA D DEB,Fri Aug 12 2067 09:36:27 GMT-0600 (Mountain Daylight Time),-49.563010195167315,47.46797168504572
THORAD AGENA D DEB,Fri Aug 12 2067 09:41:27 GMT-0600 (Mountain Daylight Time),-33.184911184713,40.93787523925045
THORAD AGENA D DEB,Fri Aug 12 2067 09:46:27 GMT-0600 (Mountain Daylight Time),-16.568824357881674,36.099341362220656
THORAD AGENA D DEB,Fri Aug 12 2067 09:51:27 GMT-0600 (Mountain Daylight Time),0.17053043884487698,31.83413449861817
THORAD AGENA D DEB,Fri Aug 12 2067 09:56:27 GMT-0600 (Mountain Daylight Time),16.95120711289834,27.55556444608677
THORAD AGENA D DEB,Fri Aug 12 2067 10:01:27 GMT-0600 (Mountain Daylight Time),33.685853490579404,22.663507391200454
THORAD AGENA D DEB,Fri Aug 12 2067 10:06:27 GMT-0600 (Mountain Daylight Time),50.241582123183626,15.967714653522913
THORAD AGENA D DEB,Fri Aug 12 2067 10:11:27 GMT-0600 (Mountain Daylight Time),66.23743972462668,3.4363594973364857
THORAD AGENA D DEB,Fri Aug 12 2067 10:16:27 GMT-0600 (Mountain Daylight Time),79.01422434682837,-38.77477792952414
THORAD AGENA D DEB,Fri Aug 12 2067 10:21:27 GMT-0600 (Mountain Daylight Time),74.28743765673005,-117.155809450603
THORAD AGENA D DEB,Fri Aug 12 2067 10:26:27 GMT-0600 (Mountain Daylight Time),59.28538932759796,-139.74906510035714
THORAD AGENA D DEB,Fri Aug 12 2067 10:31:27 GMT-0600 (Mountain Daylight Time),42.96829689553696,-148.75103593728318
THORAD AGENA D DEB,Fri Aug 12 2067 10:36:27 GMT-0600 (Mountain Daylight Time),26.330232648319164,-154.41550663667925
THORAD AGENA D DEB,Fri Aug 12 2067 10:41:27 GMT-0600 (Mountain Daylight Time),9.58622984930963,-158.9410605211585
THORAD AGENA D DEB,Fri Aug 12 2067 10:46:27 GMT-0600 (Mountain Daylight Time),-7.161937955855462,-163.14555148180557
THORAD AGENA D DEB,Fri Aug 12 2067 10:51:27 GMT-0600 (Mountain Daylight Time),-23.83480941413151,-167.5705073497812
THORAD AGENA D DEB,Fri Aug 12 2067 10:56:27 GMT-0600 (Mountain Daylight Time),-40.34601141838081,-172.9366322062242
